# critical-catalog-v1; Hajós / Zhou g3; seed=314159
zhou-g3-314159-0|14|0,1;0,2;0,3;0,4;0,5;0,6;0,10;0,11;0,13;1,5;1,11;2,3;2,13;3,4;4,5;6,7;6,8;6,9;6,10;6,12;6,13;7,8;7,12;8,9;9,10;11,12|0.6602125635,0.5215805561;0.8627703008,0.1943576585;0.6014619321,0.9071449050;0.8522761493,0.8812920770;0.9600000000,0.6666041561;0.9600000000,0.4057208366;0.2492527735,0.3520870626;0.0792283349,0.0792910042;0.1549803304,0.1518302384;0.3215028141,0.0984359296;0.4601066980,0.3271729551;0.5469466283,0.0979666169;0.0400000000,0.0400000000;0.3759966592,0.7231300951
hajos-314159-1|21|0,1;0,2;0,4;0,5;0,6;0,7;0,12;1,2;1,7;2,3;3,4;3,8;3,18;4,5;5,6;6,7;8,9;8,10;8,11;8,12;8,13;8,17;8,18;8,20;9,10;9,20;10,11;11,12;13,14;13,15;13,16;13,17;13,19;13,20;14,15;14,19;15,16;16,17;18,19|0.6331999552,0.1013222792;0.5604975403,0.1646461432;0.4609964422,0.2290009034;0.6285490522,0.4593393483;0.9600000000,0.2461382970;0.8947704886,0.2222514824;0.8059836036,0.1899095404;0.7046843464,0.1518433241;0.3245470403,0.7114238413;0.0416547956,0.9430007492;0.0400000000,0.7528029591;0.0400000000,0.5358865543;0.2583740909,0.3482188289;0.6060326221,0.9600000000;0.9093377340,0.9210532936;0.8239083049,0.9230348310;0.7052471478,0.9278126448;0.5067148103,0.8610415124;0.6940485178,0.7013594413;0.9600000000,0.9207001123;0.2624175884,0.9600000000
hajos-314159-2|19|0,1;0,2;0,3;0,4;0,5;1,2;1,5;2,6;3,4;3,10;3,16;4,5;6,7;6,8;6,9;6,10;6,11;6,15;6,16;6,18;7,8;7,18;8,9;9,10;11,12;11,13;11,14;11,15;11,17;11,18;12,13;12,17;13,14;14,15;16,17|0.6330730554,0.1776097885;0.7802208982,0.3222442909;0.7419585780,0.4632523134;0.5394262447,0.0400000000;0.5687079887,0.0766473952;0.6943748428,0.2215810750;0.6182615610,0.6904045079;0.6980519881,0.9600000000;0.8957607257,0.9600000000;0.9600000000,0.7377351326;0.8792468469,0.4280164314;0.2066852641,0.6276546241;0.0769099825,0.3207897877;0.1267995345,0.4163534757;0.1876312213,0.5285507886;0.3637012305,0.6426217438;0.3715795068,0.3030054881;0.0400000000,0.2507462140;0.4194915585,0.9376304528
zhou-g3-314159-3|27|0,1;0,2;0,4;0,5;0,14;1,2;1,5;2,3;3,4;3,26;4,5;4,14;4,15;4,19;4,26;6,7;6,8;6,10;6,11;6,12;6,13;6,18;7,8;7,13;8,9;9,10;9,14;9,24;10,11;11,12;12,13;14,15;14,16;14,17;14,18;14,23;14,24;15,16;16,17;17,18;19,20;19,21;19,22;19,23;19,25;19,26;20,21;20,25;21,22;22,23;24,25|0.2731422364,0.3845579698;0.2876031991,0.2386071827;0.4207939150,0.2400089279;0.3608355429,0.2285819959;0.2354561569,0.2324321366;0.2506050949,0.2778583289;0.5513757118,0.9600000000;0.8517458995,0.9531433647;0.7861190430,0.8807217735;0.6572163106,0.7527174062;0.8931409145,0.9600000000;0.5807246557,0.9598915200;0.6587462961,0.9589478322;0.7657334652,0.9578051876;0.3103502317,0.6055471807;0.0400000000,0.4625248324;0.0400000000,0.6719057752;0.0459334487,0.8456138584;0.2365994361,0.9344867788;0.6805397005,0.2016324818;0.9221480482,0.3263603440;0.8571493466,0.2998084911;0.7672192390,0.2653813104;0.5844483326,0.3944731907;0.6993618528,0.5573620504;0.9600000000,0.3413045983;0.5089459508,0.2166895054
hajos-314159-4|30|0,1;0,2;0,4;0,5;0,6;0,7;0,12;1,2;1,7;2,3;3,4;3,8;3,18;4,21;5,6;5,25;5,26;6,7;8,9;8,10;8,11;8,12;8,13;8,17;8,18;8,20;9,10;9,20;10,11;11,12;13,14;13,15;13,16;13,17;13,19;13,20;14,15;14,19;15,16;16,17;18,19;21,22;21,23;21,24;21,25;21,26;21,27;21,28;21,29;22,23;22,29;23,24;24,25;26,27;27,28;28,29|0.3709109484,0.2353211824;0.3540334395,0.3913501546;0.3387223623,0.4825204614;0.6243099720,0.5138907753;0.8964549515,0.0623057345;0.5139525700,0.1938563327;0.4174687144,0.2275571220;0.3690313828,0.3094766558;0.3551860011,0.8184359732;0.1647813222,0.9600000000;0.0400000000,0.9600000000;0.0400000000,0.7990824238;0.1409887311,0.5735132216;0.6705661250,0.9600000000;0.9299332991,0.9562271458;0.8710224170,0.9505257027;0.7757369096,0.9461200318;0.5720516993,0.9105502986;0.6901221221,0.7864721695;0.9600000000,0.9600000000;0.3714974414,0.9600000000;0.8749639300,0.0737525038;0.8353152861,0.1131983998;0.8126047681,0.1617816788;0.7760219963,0.2269254401;0.7401847941,0.2986791378;0.6232410781,0.1554485190;0.6922115333,0.1372943267;0.7660862980,0.1161327564;0.8502946903,0.0875491100
hajos-314159-6|23|0,1;0,2;0,3;0,4;0,5;0,6;0,7;0,8;0,9;1,2;1,9;2,17;2,21;3,4;3,16;4,5;5,6;6,7;7,8;8,9;10,11;10,12;10,13;10,14;10,15;10,16;10,20;10,21;10,22;11,15;11,21;12,13;12,22;13,14;14,15;16,17;16,18;16,19;16,20;16,22;17,18;18,19;19,20|0.2064746311,0.2276308313;0.3854557693,0.0400000000;0.5911134447,0.1884845303;0.2793824398,0.5064166121;0.0400000000,0.5043491977;0.0400000000,0.3694993740;0.0400000000,0.2186524164;0.0400000000,0.0957694249;0.0400000000,0.0400000000;0.1954235143,0.0400000000;0.7942601094,0.7989958140;0.9600000000,0.7822708163;0.5693536343,0.9600000000;0.7316057916,0.9600000000;0.8920316239,0.9600000000;0.9600000000,0.9600000000;0.6445278084,0.5576222569;0.6818941001,0.2829124597;0.7819553827,0.3610728645;0.8777715583,0.4457975841;0.8736260338,0.6132035858;0.9549192728,0.4986813284;0.5406665153,0.8314582027
zhou-g3-314159-7|20|0,1;0,2;0,3;0,4;0,5;1,2;1,5;2,3;2,6;2,9;2,10;2,19;3,19;4,5;4,8;6,7;6,8;6,9;6,10;6,11;6,15;6,16;6,18;7,10;7,16;8,18;9,19;11,12;11,13;11,14;11,15;11,17;11,18;12,13;12,17;13,14;14,15;16,17|0.1874391589,0.0520222206;0.2894370504,0.0400000000;0.5521169774,0.1841626735;0.3424085524,0.1191623885;0.0400000000,0.2107524641;0.0400000000,0.0400000000;0.5645471838,0.5721354068;0.8914122451,0.6734341929;0.1729416858,0.4648023652;0.5461400475,0.3295580118;0.8424080712,0.3963048235;0.3900270490,0.8195923331;0.2542399219,0.9512375170;0.3834081853,0.9405722074;0.5468479169,0.9251259798;0.6261349072,0.8109295976;0.6787668573,0.9174278571;0.2080176408,0.9600000000;0.2440916056,0.6471094954;0.4544332625,0.1716218188
hajos-314159-8|13|0,1;0,2;0,3;0,4;0,5;1,2;1,5;2,3;3,4;4,8;4,9;5,6;6,7;6,8;6,9;6,10;6,11;6,12;7,8;7,12;9,10;10,11;11,12|0.7765816421,0.1730479397;0.6445577702,0.0400000000;0.9600000000,0.0400000000;0.9600000000,0.2608247197;0.8880253287,0.5503314372;0.4134761602,0.2124641903;0.3999456977,0.6709663054;0.5164641543,0.5957316462;0.6446311309,0.4830244533;0.6117142009,0.9600000000;0.5670685160,0.8906262773;0.6808580787,0.8399695474;0.5457832356,0.7390252912
hajos-314159-9|22|0,1;0,2;0,3;0,4;0,5;1,2;1,5;2,6;3,4;3,10;3,16;4,5;6,7;6,8;6,9;6,10;6,11;6,15;6,16;6,18;7,8;7,18;8,9;9,20;9,21;10,19;11,12;11,13;11,14;11,15;11,17;11,18;12,13;12,17;13,14;14,15;16,17;19,20;19,21;20,21|0.4956421335,0.1631174211;0.6148584589,0.3146595979;0.5316162918,0.4459792898;0.4385642941,0.0400000000;0.4574645915,0.0723323416;0.5488956979,0.2122049713;0.3906039945,0.6951953017;0.2921549511,0.9600000000;0.5019390816,0.9600000000;0.7150539044,0.9533190757;0.7087972007,0.4484207233;0.0400000000,0.5850064554;0.0439784602,0.2959620011;0.0495809326,0.3987590789;0.0575445752,0.5070639409;0.1765657915,0.6198082733;0.2751210253,0.2903279378;0.0400000000,0.2045037529;0.0997923254,0.8840330719;0.9600000000,0.7008533195;0.9600000000,0.9600000000;0.9512289828,0.8892217430
zhou-g3-314159-10|29|0,1;0,3;0,4;0,5;0,28;1,2;1,5;1,9;1,16;1,22;1,23;1,24;1,25;1,27;1,28;2,3;2,22;3,4;4,5;6,7;6,8;6,9;6,10;6,11;6,12;6,13;6,14;6,15;7,8;7,15;8,22;8,26;9,10;10,11;11,12;12,13;13,14;14,15;16,17;16,18;16,19;16,20;16,21;16,25;16,26;16,27;17,21;17,26;18,19;18,27;19,20;20,21;23,24;23,28;24,25|0.2943336287,0.0400000000;0.5356966682,0.2581948120;0.1682759738,0.2637592684;0.0400000000,0.0400000000;0.0868353776,0.0441092482;0.2295039712,0.0703515771;0.4482303874,0.7320041837;0.5609841171,0.9327229712;0.5828964860,0.9600000000;0.4432338820,0.4532802836;0.3052088308,0.5089279467;0.2704127001,0.6009990876;0.3214029528,0.6617882331;0.3817500211,0.7292868129;0.4716608793,0.8308516074;0.5243653702,0.8901822170;0.8868209870,0.6078068841;0.9448671914,0.9310878215;0.8240800201,0.5636063143;0.8870683197,0.7201571900;0.9091423411,0.8114264592;0.9279524187,0.8792128613;0.2313683093,0.5601670412;0.6652178727,0.0400000000;0.8131449460,0.0400000000;0.8734191664,0.2538713125;0.9549588310,0.9600000000;0.7230017118,0.4515376361;0.4922405902,0.0400000000
zhou-g3-314159-12|31|0,1;0,3;0,4;0,5;0,6;0,7;0,23;1,2;1,7;2,3;2,30;3,4;3,18;3,20;3,29;3,30;4,5;5,6;6,7;8,9;8,10;8,11;8,12;8,13;8,14;8,15;8,16;8,17;9,10;9,17;10,24;10,28;11,12;11,23;12,13;13,14;14,15;15,16;16,17;18,19;18,20;18,21;18,22;18,23;18,27;18,28;18,29;19,22;19,28;20,21;21,22;23,24;23,25;23,26;23,27;24,25;25,26;26,27;29,30|0.0456063621,0.0400000000;0.1350021727,0.1428381290;0.0515175201,0.2910706395;0.0400000000,0.4539707248;0.0464248459,0.2047477236;0.0494852009,0.1152637957;0.0511395029,0.0560776877;0.0765547159,0.0811291837;0.8852254629,0.5329272782;0.7520308653,0.7560848101;0.7106914855,0.8344507934;0.7083544707,0.2131729839;0.7460350129,0.2869762258;0.7821074805,0.3603436979;0.8189720126,0.4336130693;0.8524476405,0.5040698692;0.8338009608,0.6032071750;0.7919009838,0.6804224528;0.1871382225,0.7490159491;0.2509622443,0.9600000000;0.0400000000,0.7703581364;0.0400000000,0.9600000000;0.1095263134,0.9600000000;0.3636131638,0.3845263420;0.6111910574,0.5390619270;0.4963809544,0.4780682511;0.3996454566,0.5419265263;0.3133965898,0.6413919442;0.4355834783,0.9600000000;0.0998236784,0.5644082393;0.0549924837,0.3904620037
hajos-314159-14|34|0,1;0,3;0,4;0,5;0,6;0,7;0,23;1,2;1,7;2,3;2,30;3,4;3,18;3,20;3,29;3,30;4,5;5,6;6,7;8,9;8,10;8,11;8,12;8,13;8,14;8,15;8,16;8,17;9,10;9,17;10,24;10,28;11,12;11,23;12,13;13,14;14,15;15,16;16,17;18,19;18,21;18,22;18,23;18,27;18,28;18,29;18,31;19,22;19,28;20,21;20,32;20,33;21,22;23,24;23,25;23,26;23,27;24,25;25,26;26,27;29,30;31,32;31,33;32,33|0.0759277596,0.0678778230;0.1684542820,0.1493865987;0.0712522892,0.3300217391;0.0543922924,0.4993483669;0.0696627651,0.2463090271;0.0760520048,0.1515160083;0.0806840755,0.0855438928;0.1103274240,0.1030727319;0.9600000000,0.3892324041;0.9202125224,0.6317145447;0.9083603802,0.7263330688;0.7124968217,0.1472033986;0.7683177855,0.2053006999;0.8215559287,0.2624684688;0.8748471554,0.3193546421;0.9223892691,0.3732445338;0.9389644172,0.4689358792;0.9294301979,0.5502619739;0.3494370885,0.7407539024;0.5538611155,0.9600000000;0.0400000000,0.8542481990;0.2779792197,0.9600000000;0.4307190032,0.9600000000;0.4377927556,0.3581243815;0.7078103807,0.5402672601;0.5926185205,0.4755505319;0.4878471185,0.4564803884;0.4218887943,0.5741721611;0.6829962820,0.9032034770;0.1584112784,0.5771725026;0.0704331691,0.4349561808;0.0997815297,0.8464979569;0.1470086150,0.8966235630;0.1991803472,0.9223944032
hajos-314159-15|35|0,1;0,2;0,3;0,4;0,5;1,2;1,5;2,28;3,4;3,10;3,16;4,5;6,7;6,8;6,9;6,10;6,11;6,15;6,16;6,18;6,30;6,31;7,8;7,18;8,9;9,20;9,21;10,19;11,12;11,13;11,14;11,15;11,17;11,18;12,13;12,17;13,14;14,15;16,17;19,20;19,21;20,21;22,23;22,24;22,25;22,26;22,27;22,28;22,31;22,32;22,34;23,27;23,32;24,25;24,34;25,26;26,27;28,29;28,30;28,31;28,33;28,34;29,30;29,33;32,33|0.2728759371,0.1376244976;0.4412244077,0.1705839626;0.3522041446,0.1581394897;0.2178751224,0.0710008085;0.2322067588,0.0796956254;0.2812804805,0.1005566914;0.4860034840,0.6977059300;0.5045752842,0.9600000000;0.6402443500,0.9600000000;0.7822172463,0.9547491694;0.7450144395,0.3025951817;0.1707342564,0.8665523023;0.0739829585,0.6705003029;0.1135682307,0.7423130766;0.1549307198,0.8174532837;0.2572594258,0.8143769302;0.1596169037,0.4268060365;0.0400000000,0.6081891732;0.3515918710,0.9600000000;0.9600000000,0.6739606182;0.9600000000,0.9600000000;0.9564059208,0.8979823300;0.5146477870,0.4009118698;0.5430037836,0.5568733133;0.6029723034,0.2814031338;0.6645841779,0.3935818371;0.6318651917,0.4506533625;0.5891040174,0.5128797435;0.5332774740,0.2147744851;0.6824871973,0.3015647801;0.7271097153,0.3256289626;0.3641018868,0.4461906052;0.5402524666,0.5993485084;0.6990883023,0.3596166414;0.5524146597,0.2445703523
hajos-314159-16|27|0,2;0,3;0,4;0,5;0,22;0,23;0,24;0,26;1,2;1,5;1,25;2,6;3,4;3,10;3,16;4,5;6,7;6,8;6,9;6,10;6,11;6,15;6,16;6,18;7,8;7,18;8,9;9,20;9,21;10,19;11,12;11,13;11,14;11,15;11,17;11,18;12,13;12,17;13,14;14,15;16,17;19,20;19,21;20,21;22,23;22,26;23,24;24,25;25,26|0.5354489097,0.1744422948;0.3264713132,0.3424092983;0.5363188708,0.4803420058;0.4203055391,0.0400000000;0.4298152609,0.0568280117;0.4054282660,0.0918178696;0.5632016481,0.7574658472;0.6461127177,0.9600000000;0.7814466964,0.9600000000;0.9026429987,0.9465977128;0.7344410883,0.3929274544;0.2292165267,0.8957358949;0.0864975365,0.6892432466;0.1427026758,0.7608967568;0.2014589168,0.8351673113;0.3360850127,0.8444819811;0.2767400681,0.4669948726;0.0400000000,0.6292607982;0.4638535187,0.9600000000;0.9600000000,0.5721086084;0.9600000000,0.8290031105;0.9564787214,0.7469566930;0.4637888963,0.1727175533;0.5245060265,0.2440648499;0.5259827608,0.3310053332;0.3576471930,0.2649278315;0.3899446019,0.1560358803
zhou-g3-314159-17|18|0,2;0,3;0,4;0,5;0,6;0,10;0,11;0,13;0,14;1,5;1,11;1,17;2,3;2,13;3,4;4,5;5,14;5,15;5,16;5,17;6,7;6,8;6,9;6,10;6,12;6,13;7,8;7,12;8,9;9,10;11,12;14,15;15,16;16,17|0.4088151190,0.6153042185;0.0400000000,0.0400000000;0.5139083677,0.9600000000;0.2723848619,0.9600000000;0.0972635147,0.7575472239;0.0599934220,0.3902011886;0.7808320291,0.4250329182;0.7964188900,0.0997865008;0.7809137703,0.1950203066;0.7577184845,0.3168539187;0.6325113819,0.4870927966;0.4263714311,0.1559909585;0.8075454624,0.0400000000;0.7083837189,0.7842032009;0.1992163926,0.4645204635;0.1087534648,0.2687262116;0.1342961738,0.0881588769;0.0482260318,0.1221218055
zhou-g3-314159-18|32|0,1;0,2;0,3;0,4;0,5;0,6;0,7;0,8;0,9;0,10;0,13;0,19;0,25;0,31;1,2;1,9;2,3;3,4;4,13;5,6;5,31;6,7;7,8;8,9;10,11;10,12;10,14;10,31;11,12;11,14;12,15;13,14;15,16;15,17;15,18;15,19;15,20;15,24;15,25;15,27;16,17;16,27;17,18;18,29;18,30;19,28;20,21;20,22;20,23;20,24;20,26;20,27;21,22;21,26;22,23;23,24;25,26;28,29;28,30;29,30|0.6083559544,0.2283685263;0.8254977394,0.0400000000;0.9563319842,0.0400000000;0.9600000000,0.2030175024;0.9191325563,0.4180835567;0.3796961438,0.1158374131;0.3394296419,0.0823840395;0.3007338678,0.0553968785;0.2838281381,0.0400000000;0.5887067221,0.0400000000;0.2080636307,0.4080588565;0.2529452955,0.6202601774;0.2283218154,0.4883031369;0.7033681584,0.6748500107;0.2838548031,0.7768927641;0.3653476354,0.5419105904;0.5142572823,0.6121849695;0.4157355594,0.6058766271;0.4474421184,0.6593692605;0.4905291367,0.7261761901;0.5520979328,0.4358191426;0.5802174662,0.3013617437;0.5588464444,0.3564323104;0.4418920186,0.3644458800;0.4070086748,0.4506347902;0.4629816634,0.2973014505;0.5941068366,0.2623761999;0.5311530233,0.5386965460;0.4909778850,0.7177880363;0.4761475310,0.7028536519;0.4995645552,0.6813126219;0.2098206408,0.1695072979
hajos-314159-20|20|0,1;0,2;0,3;0,4;0,5;1,2;1,5;2,3;3,4;4,8;4,9;5,6;6,7;6,8;6,9;6,10;6,11;6,19;7,8;7,12;9,10;10,11;11,12;12,13;12,14;13,14;13,15;13,16;13,17;13,18;13,19;14,15;15,16;16,17;17,18;18,19|0.6382571095,0.4987523677;0.5967353417,0.3533419345;0.7839893337,0.4497713097;0.7820470711,0.5323719541;0.6806496974,0.6254367024;0.4825719980,0.3612426510;0.5134866536,0.2993200812;0.2792117597,0.4439149531;0.3997780711,0.4869474234;0.8583814570,0.4762630586;0.6907241954,0.3868753360;0.9158718441,0.4949383294;0.5136211584,0.7347404201;0.2059812947,0.8311835731;0.4609440599,0.9600000000;0.2933324233,0.9600000000;0.1069718508,0.9600000000;0.0400000000,0.9600000000;0.0400000000,0.7582638182;0.1066083469,0.5127979077
hajos-314159-22|33|0,1;0,2;0,3;0,4;0,5;1,2;1,5;2,3;2,6;2,9;2,10;2,22;2,26;3,19;4,5;4,8;6,7;6,8;6,9;6,10;6,11;6,15;6,16;6,18;7,10;7,16;8,18;9,19;11,12;11,13;11,14;11,15;11,17;11,18;12,13;12,17;13,14;14,15;16,17;19,20;20,21;20,22;20,23;20,24;20,25;20,26;20,30;20,31;21,25;21,31;22,23;23,24;24,25;26,27;26,28;26,29;26,30;26,32;27,28;27,32;28,29;29,30;31,32|0.2979848939,0.0743501754;0.3848622364,0.0400000000;0.8033945489,0.1668065154;0.4283923889,0.1035782612;0.0543193579,0.2812495686;0.0782891760,0.0400000000;0.6618633242,0.6800911118;0.9600000000,0.7696235310;0.2421009234,0.6201977726;0.5141683163,0.4730065445;0.9479433803,0.5289039804;0.4801609950,0.9600000000;0.5764498508,0.9590690524;0.6831080570,0.9546135258;0.5188349078,0.9576272562;0.7404502607,0.9418132034;0.8897121566,0.9346576461;0.6441832644,0.9600000000;0.3420175405,0.8307480526;0.2852016491,0.2864237736;0.5098901420,0.2138066267;0.6791331486,0.2861983946;0.5740912850,0.4024940789;0.5588907444,0.3510580267;0.5371413641,0.2752621424;0.6225451720,0.3426305376;0.7248586232,0.1546672100;0.7688291904,0.1742114523;0.6008060819,0.1938897418;0.6519524234,0.1766121099;0.6881594730,0.1654324968;0.7354474704,0.2304062542;0.7918911500,0.1736943393
hajos-314159-23|24|0,1;0,2;0,3;1,2;1,3;2,6;2,11;2,21;3,7;4,5;4,6;4,7;4,8;4,9;4,10;4,15;5,6;5,10;7,8;8,9;9,10;11,12;11,13;11,14;11,15;11,16;11,20;11,21;11,23;12,13;12,23;13,14;14,15;16,17;16,18;16,19;16,20;16,22;16,23;17,18;17,22;18,19;19,20;21,22|0.7089633243,0.3416574388;0.6269475728,0.3515546617;0.5194245414,0.3782761225;0.8211839557,0.2964762175;0.8395207432,0.6083785091;0.8586982878,0.5517367317;0.9597411574,0.2533696612;0.9388596661,0.2855291589;0.9215350861,0.3557569578;0.8958758681,0.4369684290;0.8737119826,0.5055228273;0.2351149595,0.6595423691;0.0400000000,0.8985412008;0.1401079083,0.9600000000;0.3212113918,0.9600000000;0.5354694624,0.8450334399;0.0400000000,0.3562329690;0.0450918363,0.0746544998;0.0532570459,0.1409095465;0.0591583506,0.2454974929;0.1113835269,0.4539497072;0.2564100248,0.2980037601;0.0400000000,0.0400000000;0.0400000000,0.6853598321
zhou-g3-314159-27|22|0,2;0,3;0,4;0,5;0,6;0,10;0,11;0,13;0,14;1,5;1,11;1,17;2,3;2,13;3,4;4,5;5,14;5,15;5,16;5,17;5,18;5,19;5,20;5,21;6,7;6,8;6,9;6,10;6,12;6,13;7,8;7,12;8,9;9,10;11,12;14,15;15,21;16,17;16,19;18,19;18,20;20,21|0.4486461829,0.2772740305;0.7799088624,0.5459103919;0.6012384444,0.4195015692;0.4396717447,0.4240090348;0.3970394537,0.5430093763;0.3414445627,0.7244939785;0.7449421419,0.1652074090;0.9436556622,0.0624424842;0.8952288927,0.0776279332;0.8164016002,0.1130013270;0.6460479709,0.1907684061;0.9600000000,0.0451682623;0.9075812987,0.1814672320;0.5760182393,0.2559810446;0.1360621604,0.4562939663;0.0400000000,0.6547058875;0.5414789809,0.9600000000;0.6827597172,0.8433289832;0.1849116682,0.9600000000;0.3614712894,0.9600000000;0.0400000000,0.9600000000;0.0400000000,0.8309563891
hajos-314159-31|36|0,1;0,3;0,4;0,5;0,28;1,2;1,5;1,9;1,16;1,22;1,23;1,24;1,25;1,28;1,29;1,31;2,3;2,22;3,4;4,5;6,7;6,8;6,9;6,10;6,11;6,12;6,13;6,14;6,15;7,8;7,15;8,22;8,26;9,10;10,11;11,12;12,13;13,14;14,15;16,17;16,18;16,19;16,20;16,21;16,25;16,26;16,27;17,21;17,26;18,19;18,27;19,20;20,21;23,24;23,28;24,25;27,30;29,30;29,31;29,32;29,33;29,34;29,35;30,35;31,32;32,33;33,34;34,35|0.5837533616,0.4488900997;0.3881142491,0.4159615181;0.6028118309,0.3166215322;0.7918257520,0.4605244195;0.7065782011,0.4296973841;0.5179222710,0.3620730591;0.9600000000,0.0850998760;0.9579744818,0.2638430402;0.9600000000,0.3810918623;0.6150240299,0.0736103247;0.8484025779,0.0817768273;0.9143331722,0.0837802421;0.7951448270,0.0816000540;0.7465110642,0.0823767031;0.9510567157,0.1208793347;0.9549284090,0.1856349444;0.7072966479,0.8049126741;0.9600000000,0.8695554622;0.6140285451,0.9600000000;0.7587640442,0.9600000000;0.8742232165,0.9600000000;0.9600000000,0.9600000000;0.6812386883,0.2704606964;0.4432397371,0.4671107349;0.4926043125,0.5309545505;0.5746611724,0.6358961218;0.9600000000,0.6917042909;0.4551882213,0.9600000000;0.4231437319,0.4266558027;0.1218740823,0.7372955414;0.2064118204,0.9600000000;0.0590788804,0.5097322641;0.0400000000,0.6695470206;0.0400000000,0.8466286900;0.0400000000,0.9600000000;0.0796401947,0.9600000000
hajos-314159-32|39|0,1;0,2;0,3;0,4;0,5;1,2;1,5;2,3;3,4;4,8;4,9;5,6;6,7;6,8;6,9;6,11;6,19;6,38;7,8;7,12;9,10;10,11;10,26;10,33;11,12;12,13;12,14;13,14;13,15;13,16;13,17;13,18;13,19;14,15;15,16;16,17;17,18;18,19;20,21;20,22;20,23;20,24;20,25;21,22;21,25;22,23;23,24;24,28;24,29;25,26;26,27;26,28;26,29;26,30;26,31;27,28;27,32;29,30;30,31;31,32;32,33;32,34;33,34;33,35;33,36;33,37;33,38;34,35;35,36;36,37;37,38|0.0942315054,0.3010411248;0.2638792439,0.2850924603;0.2094875213,0.2982210644;0.1045527682,0.3266024275;0.1027695308,0.3718989856;0.1535542201,0.2937299053;0.0662773327,0.3015211464;0.1390581193,0.5379883802;0.1094075689,0.4284915066;0.3241179157,0.2783893676;0.4992568406,0.4722000387;0.1856929889,0.8166515061;0.2793307768,0.7062121296;0.1611477193,0.6773850486;0.2293343875,0.7609065455;0.1895634717,0.8047581854;0.1773145227,0.7695328094;0.1645613501,0.7211415304;0.1391269410,0.6090377236;0.1122389847,0.4920408361;0.9555044136,0.4573796319;0.9057128137,0.4710209773;0.9484560422,0.4030064342;0.9530281541,0.3415787514;0.9583632344,0.2967432526;0.8523320411,0.4977865103;0.7937781703,0.4900041153;0.9532931617,0.2351868297;0.8946086160,0.3364331781;0.9579733092,0.5226063064;0.9568020154,0.5865919434;0.9600000000,0.6132954828;0.9600000000,0.1882088103;0.7091935070,0.1231093979;0.9600000000,0.0636248142;0.9600000000,0.0400000000;0.8131236223,0.0400000000;0.6104056224,0.0400000000;0.3870845803,0.0493496369
zhou-g3-314159-34|31|0,1;0,2;0,4;0,5;0,14;1,2;1,5;2,3;3,4;3,26;4,5;4,14;4,15;4,19;4,26;6,7;6,8;6,10;6,11;6,12;6,13;6,18;6,27;6,28;6,29;6,30;7,8;7,13;8,9;9,10;9,14;9,24;10,11;11,30;12,13;12,29;14,15;14,16;14,17;14,18;14,23;14,24;15,16;16,17;17,18;19,20;19,21;19,22;19,23;19,25;19,26;20,21;20,25;21,22;22,23;24,25;27,28;27,30;28,29|0.3835548811,0.1710396002;0.4632474598,0.0598817559;0.5249445775,0.0831530648;0.5999049781,0.1002893921;0.4279809741,0.0400000000;0.4140169546,0.0924072913;0.5012087754,0.9074830226;0.3650756281,0.7801038003;0.3099983233,0.7357569117;0.5447469241,0.6456572047;0.8372274380,0.9600000000;0.6661997780,0.9329008979;0.6092579098,0.8386575634;0.4374959950,0.8360621548;0.3155483389,0.3410614758;0.1379078560,0.0666655283;0.0400000000,0.2135574380;0.0400000000,0.4142218679;0.1806539484,0.6311776426;0.8111267309,0.1597734795;0.9286321900,0.3782791777;0.8871307634,0.3112527129;0.8367596620,0.2340643153;0.6322794904,0.2650276090;0.6425036160,0.4649714675;0.9600000000,0.4298226651;0.6833070258,0.1224958540;0.8008134745,0.9490095691;0.7601522788,0.9339004359;0.7395992019,0.8699842717;0.5593410634,0.9161956757
zhou-g3-314159-35|33|0,2;0,3;0,4;0,5;0,22;0,23;0,24;0,26;1,2;1,5;1,25;2,6;3,4;3,10;3,16;4,5;6,7;6,8;6,9;6,10;6,11;6,15;6,16;6,18;7,8;7,18;8,9;9,20;9,21;10,19;11,12;11,13;11,15;11,17;11,18;11,32;12,13;12,17;13,14;13,27;13,28;13,29;13,30;13,31;13,32;14,15;14,29;16,17;19,20;19,21;20,21;22,23;22,26;23,24;24,25;25,26;27,28;27,31;28,29;30,31;30,32|0.5469168743,0.1447132584;0.3910769086,0.2820154707;0.6250211615,0.4070703495;0.4125723165,0.0400000000;0.4254453542,0.0530913222;0.4098663285,0.0737252995;0.6808640778,0.6977475489;0.8454898582,0.9600000000;0.9600000000,0.8966958332;0.9600000000,0.7219141334;0.7529948991,0.2985321817;0.3580985630,0.8942830211;0.0895708217,0.6877545858;0.1895772465,0.7590133727;0.2033287092,0.5543536505;0.4658011584,0.7277039141;0.3518432992,0.4433831898;0.0401472395,0.6532613304;0.6531565296,0.9600000000;0.9600000000,0.3390602343;0.9600000000,0.5679750966;0.9576145999,0.4907675440;0.4839758721,0.1362225127;0.5546320371,0.2002466439;0.5771526779,0.2662944585;0.4039697031,0.2017125002;0.4103988727,0.1165858655;0.2416783266,0.7675041167;0.2043021553,0.6822158702;0.2034602983,0.6066194395;0.3814775316,0.8490094313;0.3001461198,0.8029556878;0.3255992427,0.8627470650
zhou-g3-314159-37|32|0,1;0,2;0,3;0,4;0,6;0,7;0,8;0,9;0,25;1,2;1,9;2,3;3,4;4,5;5,6;5,31;6,7;6,10;6,11;6,12;6,13;6,14;6,31;7,8;8,9;10,11;10,14;11,15;12,13;12,19;12,31;13,14;15,16;15,17;15,18;15,19;15,20;15,24;15,25;15,27;16,17;16,27;17,18;18,29;18,30;19,28;20,21;20,22;20,23;20,24;20,26;20,27;21,22;21,26;22,23;23,24;25,26;28,29;28,30;29,30|0.1963736413,0.1915416099;0.1365613984,0.3343218097;0.1049361488,0.3846523895;0.0728237877,0.4376244751;0.0400000000,0.4951881667;0.0400000000,0.7351633700;0.2235673527,0.6358071727;0.1963429810,0.2092523363;0.1898573071,0.2430632576;0.1679303567,0.2880129198;0.3800222894,0.7631917560;0.5114609503,0.6291261088;0.2948699329,0.9600000000;0.2890542411,0.9085003497;0.2803523272,0.8281655777;0.8035653430,0.5204288807;0.9600000000,0.5592671342;0.9600000000,0.6819124644;0.9600000000,0.8039799712;0.6324678936,0.8726695619;0.9600000000,0.2246696306;0.9582503496,0.0841013976;0.9249252517,0.0574981169;0.8498403961,0.0934532638;0.8678385012,0.2738976066;0.6200368432,0.1817004651;0.9600000000,0.0400000000;0.9600000000,0.4117566665;0.8143325460,0.9600000000;0.9254428517,0.9557151338;0.9600000000,0.9600000000;0.0473710764,0.9109495361
zhou-g3-314159-39|26|0,1;0,3;0,4;0,5;0,16;1,2;1,5;2,3;2,25;3,4;3,12;3,16;3,17;3,25;4,5;6,7;6,8;6,9;6,10;6,11;7,8;7,11;8,9;9,10;10,14;10,15;11,12;12,13;12,14;12,15;12,24;12,25;13,14;13,17;15,16;17,18;17,19;18,19;18,20;18,21;18,22;18,23;18,24;19,20;20,21;21,22;22,23;23,24|0.2649635280,0.1381826568;0.2363614561,0.1904113566;0.2495009618,0.2596048742;0.2078862263,0.0882994655;0.2144662712,0.1017501249;0.2230996475,0.1275887796;0.5282484950,0.5474211621;0.3749683755,0.5015785602;0.5228669806,0.3730374982;0.5928647802,0.4353550969;0.6508475629,0.4887770569;0.3914521837,0.6182638198;0.3039818914,0.5618145493;0.5568969899,0.7553088468;0.4933841439,0.6977422623;0.4663422911,0.2987891304;0.3418836877,0.1937791026;0.7134924145,0.4699144386;0.8186259355,0.8219330423;0.9600000000,0.6521948987;0.9600000000,0.8531590707;0.9600000000,0.9600000000;0.8873764515,0.9600000000;0.7103693258,0.9600000000;0.5037460658,0.9338466796;0.2638572056,0.3498838726
hajos-314159-40|34|0,1;0,2;0,3;1,2;1,3;2,24;3,7;3,22;4,5;4,7;4,8;4,9;4,10;4,11;4,26;5,6;5,11;6,7;6,33;7,8;7,22;7,32;7,33;8,9;9,10;10,11;12,13;12,14;12,15;12,16;12,17;12,18;12,19;12,20;12,21;13,14;13,21;14,27;14,31;15,16;15,26;16,17;17,18;18,19;19,20;20,21;22,23;22,24;22,25;22,26;22,30;22,31;22,32;23,25;23,31;24,25;26,27;26,28;26,29;26,30;27,28;28,29;29,30;32,33|0.0421330716,0.1926802348;0.0400000000,0.1272305079;0.0400000000,0.0400000000;0.0400000000,0.3718468389;0.3999022598,0.6397651182;0.3438257719,0.5465515535;0.2173183526,0.6307524259;0.1806762965,0.7219956963;0.1959969080,0.7141405912;0.2245433097,0.6996300548;0.3263766684,0.6615645453;0.2739616181,0.6701772433;0.7174269588,0.8242605970;0.8096135819,0.5672414182;0.8713495020,0.4026708552;0.8140965537,0.4982771301;0.7882806134,0.6096292649;0.7719425995,0.6594856660;0.7571841492,0.7047447169;0.7424242925,0.7494751735;0.7316472538,0.7823779691;0.7211483733,0.8136388090;0.3185124183,0.2552060178;0.4155808961,0.0400000000;0.1398179135,0.0400000000;0.2588726151,0.0400000000;0.5959151222,0.3246311102;0.7925339295,0.2976616193;0.7202452257,0.2005395718;0.6615707517,0.1183271402;0.5303079274,0.1345464043;0.6246253788,0.0671670272;0.2642043795,0.4526073822;0.2357794726,0.5565427959
zhou-g3-314159-41|27|0,1;0,2;0,3;0,4;0,5;0,6;0,7;0,8;0,9;1,2;1,9;2,17;2,21;3,4;3,16;4,5;5,6;6,7;7,8;8,9;10,11;10,12;10,13;10,14;10,15;10,16;10,20;10,21;10,22;10,23;10,24;10,25;10,26;11,15;11,21;12,13;12,22;13,14;14,15;16,17;16,18;16,19;16,20;16,26;17,18;18,19;19,20;22,24;23,24;23,25;25,26|0.1650520877,0.2046701431;0.2632628716,0.0400000000;0.4954249468,0.1228950216;0.2448608168,0.4437744961;0.0400000000,0.4678347291;0.0400000000,0.3551805124;0.0400000000,0.2334436648;0.0400000000,0.1267194823;0.0400000000,0.0655907374;0.0400000000,0.0400000000;0.7335467356,0.7819664111;0.9600000000,0.6207447606;0.8488393159,0.9600000000;0.9243744720,0.9600000000;0.9600000000,0.9600000000;0.9600000000,0.8001988849;0.5711014094,0.4910815043;0.5769286017,0.2056986522;0.6660523086,0.2750383494;0.7590342610,0.3559675481;0.7725817588,0.5433045697;0.8392332487,0.4116354533;0.7401591713,0.9600000000;0.5091029367,0.9600000000;0.6191943933,0.9600000000;0.4118161659,0.9600000000;0.4721535569,0.7636086875
zhou-g3-314159-44|10|0,1;0,2;0,3;0,4;0,6;0,7;0,9;1,3;1,4;2,3;2,9;4,5;4,7;4,8;5,6;5,8;6,9;7,8|0.6715064865,0.3992714496;0.4024606635,0.1503453013;0.9600000000,0.2145619377;0.7170817896,0.0400000000;0.2990999341,0.5383179084;0.3836969416,0.9600000000;0.7778027360,0.8210917958;0.4746736710,0.6275041516;0.3662691807,0.8169261445;0.9600000000,0.5573082596
hajos-314159-45|27|0,1;0,2;0,4;0,5;0,6;0,7;0,10;0,19;0,20;0,21;0,23;0,24;0,25;0,26;1,2;1,5;2,3;3,4;3,22;4,5;6,8;6,9;6,10;6,11;6,15;6,16;6,18;6,19;7,16;7,22;8,9;8,18;9,10;11,12;11,13;11,14;11,15;11,17;11,18;12,13;12,17;13,14;14,15;16,17;19,20;20,26;21,22;21,24;23,24;23,25;25,26|0.7375168791,0.3838606803;0.7773306015,0.5841391109;0.7213448577,0.7237828077;0.7535002565,0.9036752745;0.8828991610,0.7498110562;0.8389318647,0.6579357771;0.2534050762,0.1852706213;0.4632169748,0.7273487051;0.2802944663,0.2178567920;0.3685641561,0.2461971816;0.4915127895,0.2916149686;0.1482047241,0.4546426135;0.1024966806,0.6483841851;0.0686060493,0.6055839128;0.1063776480,0.5198620077;0.1795332269,0.3557173739;0.0480396743,0.6467832534;0.1860321231,0.6688344040;0.2218960334,0.2878628776;0.5759096161,0.0612336197;0.7879453478,0.0400000000;0.9600000000,0.6747865010;0.7091595767,0.9600000000;0.9600000000,0.2687816063;0.9600000000,0.4400832517;0.9600000000,0.1436335063;0.9545481979,0.0400000000
hajos-314159-50|38|0,1;0,2;0,3;0,4;0,17;0,19;1,2;1,5;2,3;3,4;4,5;5,18;6,7;6,8;6,9;6,10;6,11;7,8;7,11;8,9;8,12;8,15;8,16;8,27;8,31;9,24;10,11;10,14;12,13;12,14;12,15;12,16;12,17;12,20;12,21;12,23;13,16;13,21;14,23;15,24;17,18;17,19;17,20;17,22;17,23;18,22;19,20;21,22;24,25;25,26;25,27;25,28;25,29;25,30;25,31;25,35;25,36;26,30;26,36;27,28;28,29;29,30;31,32;31,33;31,34;31,35;31,37;32,33;32,37;33,34;34,35;36,37|0.4997223751,0.9153881012;0.4784837700,0.9202087979;0.4221183325,0.9259686499;0.3223195699,0.9364000826;0.2157316464,0.9452067589;0.2617021247,0.9453051230;0.3303414486,0.0464361604;0.4108833116,0.0400000000;0.8096795779,0.1488988642;0.4607561857,0.0773339210;0.0595170262,0.1732894972;0.1231029654,0.0400000000;0.5860478674,0.5813130179;0.8369369838,0.7490241522;0.2092953841,0.4540922559;0.4995907658,0.3660639309;0.8863398464,0.5063823955;0.3747316655,0.8129761552;0.1659141334,0.9545108861;0.5830085935,0.9052827139;0.5952531050,0.7890917474;0.6232467969,0.9034270871;0.1480536359,0.9600000000;0.2904563325,0.6313162227;0.3128483342,0.1758517904;0.5446158492,0.1311800573;0.7055897181,0.2141804154;0.5675528833,0.3129166601;0.5567852916,0.2135304712;0.5723910643,0.2709662872;0.6439392259,0.2542421547;0.7373212030,0.1344681864;0.7821514170,0.1513329112;0.6159610757,0.1360643174;0.7014508192,0.1347697217;0.6579793762,0.1333694372;0.7586760505,0.1794540943;0.8001965664,0.1523564471
zhou-g3-314159-51|39|0,3;0,4;0,5;0,22;0,23;0,24;0,26;0,38;1,2;1,5;1,25;2,6;2,34;3,4;3,10;3,16;3,33;3,34;3,37;3,38;4,5;6,7;6,8;6,9;6,10;6,11;6,15;6,16;6,18;7,8;7,18;8,9;9,20;9,21;10,19;11,12;11,13;11,15;11,17;11,18;11,32;12,13;12,17;13,14;13,27;13,28;13,29;13,30;13,31;13,32;14,15;14,29;16,17;19,20;19,21;20,21;22,23;22,26;23,24;24,25;25,26;27,28;27,31;28,29;30,31;30,32;33,35;33,36;33,37;33,38;34,35;35,36;36,37|0.1516526944,0.1305241515;0.3945543581,0.4503682734;0.3619220095,0.6256739798;0.0894021780,0.1035370634;0.1039403947,0.1090695069;0.3029133678,0.1818569277;0.5858853146,0.6944050614;0.7367372356,0.9600000000;0.5617526815,0.9600000000;0.3320690891,0.9600000000;0.1814906207,0.5865293190;0.9375088939,0.5227972540;0.9227864922,0.1919934184;0.9252167969,0.3251663531;0.8446613668,0.1683768197;0.7737331635,0.4976453964;0.5413619637,0.2666375258;0.9218087686,0.1397093331;0.8593516610,0.8148038213;0.0400000000,0.8500444597;0.1186509685,0.9570315506;0.0400000000,0.9600000000;0.2233073121,0.1825088463;0.1863485622,0.1519983684;0.3111683507,0.2211438252;0.3502898099,0.3579858176;0.2285161335,0.2860994306;0.8615448459,0.3304707682;0.8758398180,0.2504540812;0.8524083450,0.1934482497;0.9032528883,0.5125337984;0.9099428381,0.4098699267;0.9302386852,0.4725389116;0.1210971151,0.2373210660;0.1555740111,0.4390302559;0.1891966861,0.4642784324;0.1454864066,0.3742458859;0.1267065382,0.2849456491;0.1010649062,0.1365496051
hajos-314159-57|34|0,1;0,2;0,3;0,4;0,6;0,7;0,29;1,2;1,7;2,3;3,4;4,5;5,6;5,12;5,27;5,28;5,30;5,32;5,33;6,7;8,9;8,10;8,12;8,13;8,22;9,10;9,13;10,11;11,12;11,33;12,13;12,22;12,23;12,33;14,15;14,16;14,18;14,19;14,20;14,21;14,26;15,16;15,21;16,17;17,18;17,22;17,31;18,19;19,20;20,21;22,23;22,24;22,25;22,26;22,30;22,31;23,24;24,25;25,26;27,28;27,32;28,29;29,30;31,32|0.4143724770,0.2443341893;0.2870941799,0.1883977999;0.3433688538,0.1828464073;0.4120831485,0.1762223913;0.4567622355,0.1677459042;0.2085146044,0.1897003119;0.2459352948,0.2221525192;0.2295617452,0.1940843392;0.2374598925,0.6563238504;0.1253425169,0.5727564479;0.1655016674,0.4088458629;0.1499660467,0.4500878573;0.1036803745,0.6223660968;0.1558373315,0.6321280375;0.8319215573,0.9600000000;0.9047158767,0.8456835513;0.8731848683,0.7780791147;0.8276222260,0.6644169461;0.9600000000,0.9600000000;0.9197200168,0.9588020079;0.9511403647,0.9452971017;0.9302143867,0.9006035816;0.4472417808,0.7396259943;0.1590708192,0.8971434412;0.3034277931,0.9600000000;0.4531246317,0.9600000000;0.6075632776,0.9600000000;0.5729263618,0.1475116003;0.5238582211,0.1578844897;0.6492658050,0.2636915314;0.4572659467,0.4325248593;0.7121387043,0.4823382640;0.6460746250,0.1369139482;0.1390464567,0.4812343448
hajos-314159-59|37|0,2;0,3;0,4;0,5;0,19;1,2;1,5;1,6;1,16;1,17;1,36;2,3;3,4;4,5;6,7;6,8;6,9;6,10;6,11;6,12;6,13;6,14;6,15;6,18;6,24;6,30;6,36;7,8;7,15;8,9;9,10;10,18;11,12;11,36;12,13;13,14;14,15;16,17;16,19;17,20;18,19;20,21;20,22;20,23;20,24;20,25;20,29;20,30;20,32;21,22;21,32;22,23;23,34;23,35;24,33;25,26;25,27;25,28;25,29;25,31;25,32;26,27;26,31;27,28;28,29;30,31;33,34;33,35;34,35|0.7542791579,0.0400000000;0.8259281379,0.3328061002;0.9178178797,0.1201219916;0.8857210050,0.0450750788;0.9395363461,0.0418952132;0.9600000000,0.0400000000;0.5995109146,0.7701423282;0.5034652874,0.9600000000;0.4016298225,0.9600000000;0.3067370599,0.9600000000;0.2445727463,0.8828522179;0.9492547685,0.8468768221;0.9155198133,0.9600000000;0.8231774277,0.9600000000;0.7276393680,0.9600000000;0.6183141826,0.9600000000;0.6241475028,0.0937149548;0.6071597212,0.1605510062;0.1989825753,0.6366560669;0.3983701115,0.1762844728;0.4160793937,0.3537796330;0.3705654075,0.4200390231;0.3249572066,0.4689683730;0.2835668250,0.5137780974;0.2242383878,0.5833242706;0.5638029102,0.4760873467;0.6952412367,0.4981123584;0.6820240892,0.4182520544;0.5833078863,0.3946745903;0.4844530011,0.3723361770;0.7306328116,0.4265988864;0.6674607440,0.5807045926;0.4278082409,0.5085039803;0.2539807361,0.5961790364;0.2433431412,0.5626696396;0.3222162402,0.6289925665;0.9226750334,0.6535773126
hajos-314159-64|27|0,2;0,3;0,4;0,5;0,6;0,10;0,11;0,13;0,14;1,5;1,11;1,17;2,3;2,13;3,4;4,5;5,14;5,15;5,16;5,18;5,19;5,20;5,21;5,23;6,7;6,8;6,9;6,10;6,12;6,13;7,8;7,12;8,9;9,10;11,12;14,15;15,21;16,17;16,19;17,22;17,24;18,19;18,20;20,21;22,23;22,24;22,25;22,26;23,26;24,25;25,26|0.5723724018,0.2111716917;0.6461737378,0.5340212395;0.7140622505,0.4169521330;0.5435197409,0.3668877625;0.4004123898,0.3145332540;0.2365125663,0.3951278200;0.8013534919,0.1749253768;0.9294368462,0.1600490383;0.9466485495,0.1337914809;0.8759978705,0.1486872546;0.7074540426,0.1848764572;0.9600000000,0.1290535681;0.8804532061,0.2277627732;0.7929566331,0.3315611767;0.2613960945,0.0778205844;0.0484589371,0.0622922686;0.1726552561,0.7685162781;0.5375022456,0.9151314643;0.0400000000,0.4984941702;0.0400000000,0.6450969317;0.0400000000,0.3344561617;0.0400000000,0.1856121213;0.4926914483,0.8877837401;0.3416489680,0.6923833981;0.2981539819,0.8163161607;0.3771230990,0.8386892250;0.4462633779,0.8531434847
hajos-314159-65|40|0,1;0,3;0,4;0,5;0,6;0,7;0,23;1,2;1,7;2,3;2,30;3,4;3,18;3,20;3,29;3,30;4,5;5,6;6,7;8,9;8,10;8,11;8,12;8,13;8,14;8,15;8,16;8,17;9,10;9,17;10,24;10,28;11,12;11,23;12,13;13,14;14,15;15,16;16,17;18,19;18,20;18,21;18,22;18,23;18,27;18,28;18,29;19,22;19,31;19,32;19,34;19,36;19,37;19,39;20,21;21,22;23,24;23,25;23,26;23,27;24,25;25,26;26,27;28,33;29,30;31,33;31,34;32,33;32,39;34,35;34,37;34,38;35,36;35,38;36,39;37,38|0.1262701101,0.0400000000;0.2334658516,0.1111120569;0.0835261317,0.2025249624;0.0400000000,0.3193942424;0.0966425346,0.1431513894;0.1163548414,0.0841068523;0.1364052116,0.0535220605;0.1807404135,0.0801937557;0.9600000000,0.2549990707;0.8884677395,0.4567458478;0.8536844829,0.5668283381;0.7478434052,0.0400000000;0.7932205344,0.0884713638;0.8377790749,0.1376244402;0.8823970251,0.1871727170;0.9251066789,0.2338302619;0.9345896916,0.3058813582;0.9135743476,0.3743615077;0.2366006838,0.5479849803;0.1957088612,0.8484635560;0.0400000000,0.5065559543;0.0400000000,0.6267737060;0.0400000000,0.7334737783;0.4588942626,0.2478044449;0.7051672652,0.4286407448;0.6118881712,0.3711600434;0.5232140505,0.3328113094;0.4022525860,0.4153579557;0.5628717669,0.7283639543;0.1100648582,0.3912515337;0.0645449280,0.2737193738;0.0400000000,0.9600000000;0.4377175900,0.9169187878;0.4163387401,0.9600000000;0.0583081023,0.9578843575;0.1640353061,0.9589682123;0.2842167020,0.9574966053;0.0947501813,0.9502809050;0.2010588564,0.9551881500;0.3583252326,0.9571871025
hajos-314159-68|19|0,1;0,2;0,4;0,5;0,6;0,7;0,8;0,9;0,11;1,2;1,9;2,3;3,4;3,10;3,12;4,5;5,6;6,7;7,8;8,9;10,11;10,12;10,13;10,15;10,16;10,18;11,13;12,18;13,14;13,16;13,17;14,15;14,17;15,18;16,17|0.6876248177,0.1259056022;0.7995302362,0.2873777639;0.8615558186,0.4026844764;0.9600000000,0.5210632290;0.9600000000,0.0400000000;0.8835303550,0.0664185004;0.9551917802,0.0766180574;0.9550843065,0.1875828373;0.8360239797,0.1731918475;0.7292638446,0.1648991129;0.6748912828,0.7520335815;0.4463084944,0.4652569820;0.9600000000,0.8073004747;0.3211610872,0.7347731587;0.4760369739,0.9600000000;0.7330433660,0.9600000000;0.3943965028,0.8022588698;0.4347391189,0.8924487004;0.9397314044,0.9600000000
hajos-314159-69|26|0,1;0,2;0,3;0,4;0,5;0,6;0,10;0,11;0,13;1,5;1,11;2,3;2,13;3,4;4,5;6,8;6,9;6,10;6,12;6,13;6,23;7,8;7,12;7,18;7,20;8,9;9,10;11,12;14,15;14,16;14,17;14,18;14,19;15,16;15,19;16,17;17,18;18,22;19,20;20,21;20,22;20,23;20,24;20,25;21,22;21,25;23,24;24,25|0.8001222798,0.3511947809;0.7894004406,0.0400000000;0.9600000000,0.5682308159;0.9600000000,0.3659328355;0.9600000000,0.1734108470;0.9600000000,0.0400000000;0.4861133570,0.7117651962;0.3086108193,0.2206005422;0.5288529450,0.4124609121;0.5962911650,0.5705947157;0.6774904783,0.4856492468;0.5041922880,0.1147605891;0.0400000000,0.3151457903;0.8467058013,0.6995779480;0.0941279810,0.3535021113;0.2393938583,0.2558335677;0.1709438508,0.2800864339;0.1019681622,0.3064334853;0.0549225805,0.3227351608;0.1594856474,0.4067270757;0.3455141870,0.4784427369;0.2929194753,0.5364304405;0.2083394940,0.4613265854;0.4638639193,0.6866457717;0.4222103073,0.6506186804;0.3670434366,0.6031009728
zhou-g3-314159-70|20|0,1;0,2;0,3;0,4;0,6;1,2;1,5;1,6;1,8;1,18;1,19;2,3;3,4;4,5;5,19;6,7;6,9;6,10;6,11;6,15;6,16;6,18;7,10;7,16;8,9;8,19;9,10;11,12;11,13;11,14;11,15;11,17;11,18;12,13;12,17;13,14;14,15;16,17|0.8048186276,0.3993323686;0.6782568245,0.2623855417;0.7767320093,0.2147525417;0.8988997903,0.2571011113;0.9564516696,0.1902266682;0.8833109312,0.1148820818;0.6354235396,0.6665110286;0.7621574300,0.9600000000;0.9600000000,0.0400000000;0.9600000000,0.5094107544;0.9439928779,0.8091294063;0.2422097126,0.7598859730;0.0693563456,0.9370785030;0.1361216430,0.9525457326;0.2540667165,0.9522275775;0.4061879868,0.8300709533;0.4702430533,0.9600000000;0.0400000000,0.9600000000;0.4009788445,0.4728287021;0.9380302258,0.0643826491
zhou-g3-314159-71|19|0,1;0,2;0,3;0,4;0,5;1,2;1,5;2,3;3,4;4,8;4,9;5,6;6,7;6,8;6,9;6,10;6,11;6,12;6,13;6,14;6,15;6,18;7,8;7,12;9,10;10,18;11,12;11,15;13,14;13,16;13,17;13,18;14,17;15,16;16,17|0.9014893679,0.1682935313;0.8340867983,0.2601409281;0.7203023042,0.1659845058;0.8343448351,0.1059601227;0.9114340067,0.0639918862;0.7558452371,0.4222103191;0.5096346411,0.6615255044;0.8687233822,0.7804656413;0.9058394095,0.5069585476;0.5302643799,0.2570616204;0.2950884033,0.3661114863;0.5825432256,0.9600000000;0.7661562533,0.9600000000;0.1132560163,0.7429521175;0.2316528727,0.8498777845;0.3579107933,0.9600000000;0.0400000000,0.9600000000;0.0868838586,0.9465909655;0.1574358208,0.5208004823
zhou-g3-314159-72|34|0,1;0,3;0,4;0,6;0,33;1,2;1,5;1,6;1,8;1,18;1,19;1,20;1,22;1,23;1,33;2,3;2,20;3,4;4,5;5,19;6,7;6,9;6,10;6,11;6,15;6,16;6,18;7,10;7,16;8,9;8,19;9,10;11,12;11,13;11,14;11,15;11,17;11,18;12,13;12,17;13,14;14,15;16,17;20,21;20,22;20,24;20,25;20,29;20,30;20,32;21,24;21,30;22,32;23,24;23,33;25,26;25,27;25,28;25,29;25,31;25,32;26,27;26,31;27,28;28,29;30,31|0.5343600071,0.4549640673;0.1807790795,0.2141148710;0.3292939033,0.5609589299;0.5328086886,0.6752934877;0.5920368407,0.7016014039;0.3437806819,0.6116136179;0.7126566110,0.3496253722;0.9600000000,0.5370602918;0.3734577071,0.7114569812;0.7438090258,0.7011341098;0.9446196780,0.6487642483;0.8077709162,0.0400000000;0.9288672647,0.2054774273;0.8826089050,0.1475677676;0.8245595127,0.0720152775;0.8109903943,0.1366900262;0.9600000000,0.4089201874;0.9600000000,0.2444552118;0.5433851798,0.0568591701;0.3519762649,0.6503122511;0.3069552804,0.4849027098;0.4256458255,0.4357520429;0.2912653305,0.4499969210;0.2429533280,0.2585719096;0.4725505813,0.4241554487;0.2369791263,0.3220762536;0.2006981771,0.2463689772;0.1955596297,0.2290856279;0.2256748233,0.2768453595;0.2730013494,0.3624199953;0.3735345277,0.3609025051;0.1860293276,0.2196605892;0.2737999090,0.4096910488;0.3122501817,0.3050216543
hajos-314159-75|30|0,1;0,2;0,3;0,4;0,5;0,6;0,7;1,2;1,11;2,3;3,4;4,5;5,6;6,7;7,18;7,24;7,25;7,26;7,27;7,29;8,9;8,10;8,11;8,12;8,13;8,14;8,15;8,16;8,17;9,10;9,17;10,24;10,28;11,12;12,13;13,14;14,15;15,16;16,17;18,19;18,20;18,21;18,22;18,23;18,27;18,28;18,29;19,23;19,28;20,21;20,29;21,22;22,23;24,25;25,26;26,27|0.8543445180,0.2079628009;0.6305804853,0.0400000000;0.8192397355,0.0400000000;0.9600000000,0.0400000000;0.9600000000,0.0827368834;0.9600000000,0.2001668059;0.9600000000,0.3664297214;0.8127505675,0.5730855776;0.1165407265,0.2629698415;0.0658120239,0.4744166790;0.2115997147,0.5926038416;0.3339007800,0.0400000000;0.1618922984,0.0400000000;0.0400000000,0.0400000000;0.0400000000,0.0832499138;0.0400000000,0.1759557310;0.0400000000,0.3457727371;0.0400000000,0.5274049139;0.6932300349,0.8868526148;0.4125893674,0.9600000000;0.9600000000,0.9600000000;0.8687668434,0.9600000000;0.6815694265,0.9600000000;0.5268252869,0.9600000000;0.4903778048,0.5747650076;0.6424073469,0.5907564333;0.7604075812,0.6562913647;0.7347471133,0.7590788034;0.3303371384,0.8756405907;0.9600000000,0.8218383071
zhou-g3-314159-76|35|0,1;0,2;0,4;0,5;0,6;0,7;0,12;0,21;0,25;0,31;0,34;1,2;1,7;2,3;3,4;3,8;3,18;4,21;5,6;5,34;6,7;8,9;8,10;8,11;8,12;8,13;8,17;8,18;8,20;9,10;9,20;10,11;11,12;13,14;13,15;13,16;13,17;13,19;13,20;14,15;14,19;15,16;16,17;18,19;21,22;21,23;21,24;21,25;21,26;21,30;21,33;22,23;22,33;23,24;24,25;26,27;26,28;26,29;26,30;26,32;26,33;27,28;27,32;28,29;29,30;31,32;31,34|0.2190333795,0.2893219806;0.2469012998,0.0400000000;0.5188142383,0.0400000000;0.9600000000,0.2185775820;0.5310546666,0.4366005686;0.0400000000,0.1676632912;0.0400000000,0.0400000000;0.1014339167,0.0400000000;0.7199371960,0.1319707504;0.6382446226,0.1790275926;0.5112615273,0.1477422998;0.5668608721,0.1335930537;0.4211789332,0.1311985131;0.8273232305,0.2543556383;0.8901001276,0.2484167289;0.9304986094,0.2241297424;0.8882759265,0.1992407614;0.8094063723,0.1703368884;0.9500695444,0.2197265351;0.7900366983,0.3025958204;0.6979122919,0.3279976910;0.2637180589,0.6961137797;0.1087538004,0.9065161921;0.0899698668,0.8200683001;0.0686584943,0.7066669581;0.1140007961,0.5297469824;0.3491601934,0.9517511855;0.3954707381,0.9600000000;0.5495938681,0.9600000000;0.6357100110,0.9600000000;0.4820808097,0.8855526247;0.0400000000,0.5816789315;0.1134622443,0.9600000000;0.2095875530,0.9474101648;0.0400000000,0.3421750964
zhou-g3-314159-77|33|0,2;0,3;0,4;0,5;0,22;0,23;0,24;0,26;1,2;1,5;1,25;2,6;3,4;3,10;3,16;4,5;6,7;6,8;6,9;6,10;6,11;6,15;6,16;6,18;7,8;7,18;8,9;9,20;9,21;10,19;11,12;11,13;11,14;11,15;11,18;11,31;12,13;12,17;12,27;12,30;12,31;12,32;13,14;14,15;16,17;17,32;19,20;19,21;20,21;22,23;22,26;23,24;24,25;25,26;27,28;27,29;27,30;27,32;28,29;28,31;29,30|0.4833084896,0.1085619162;0.3349617890,0.3144824435;0.5788503519,0.3755329424;0.3285436173,0.0400000000;0.3500043276,0.0523975530;0.3301981879,0.0832771758;0.7159599218,0.6227207549;0.9600000000,0.8549968323;0.9600000000,0.7056193632;0.9600000000,0.4897810277;0.7161303646,0.2040683555;0.5036293676,0.9201075935;0.1800145099,0.8531840735;0.3883126446,0.8879267053;0.5287336787,0.8627623977;0.6011208643,0.7746335014;0.3218992064,0.4626980583;0.0426388557,0.6862022855;0.7965886654,0.9265480037;0.9600000000,0.0859590789;0.9600000000,0.3191703323;0.9574179537,0.2188927371;0.4177804311,0.1274243420;0.4923516207,0.1659661093;0.5190492116,0.2395671553;0.3396294191,0.2350447236;0.3354724336,0.1382053434;0.0619850771,0.9600000000;0.2844450884,0.9600000000;0.2201799870,0.9584188929;0.0980617715,0.9524895580;0.1907905583,0.9440316910;0.0400000000,0.9549259140
hajos-314159-79|32|0,1;0,3;0,4;0,5;0,14;0,17;1,2;1,5;2,3;2,12;3,4;4,5;6,7;6,8;6,10;6,11;6,12;6,13;6,16;6,24;6,25;6,26;6,28;6,29;6,30;6,31;7,8;7,11;8,9;9,10;9,27;10,11;12,14;12,15;12,16;12,17;12,21;12,22;12,24;13,22;13,27;14,15;15,16;17,18;17,19;17,20;17,21;17,23;18,19;18,23;19,20;20,21;22,23;24,25;25,31;26,27;26,29;28,29;28,30;30,31|0.7663219164,0.3774389116;0.7176000683,0.2159828522;0.4931169473,0.1725778229;0.6040488900,0.2921593977;0.7019314770,0.3356582101;0.7490111687,0.3304606754;0.2580436688,0.6816703390;0.4091071350,0.9286958096;0.4806828853,0.8650994881;0.5642201095,0.9221125364;0.3329464210,0.9475590074;0.3203333023,0.8730019706;0.3678090018,0.1862269740;0.6871972056,0.5649988915;0.4831824271,0.3344835481;0.3523738338,0.2917051762;0.3181138774,0.4334369925;0.7120246782,0.1244231285;0.9105224475,0.0782513958;0.8716876631,0.0841840825;0.7898870652,0.1015909758;0.5812954750,0.1436027721;0.9240452452,0.0733793926;0.8921582771,0.1338736017;0.1006176721,0.3729711010;0.0400000000,0.5248991453;0.2547200012,0.9600000000;0.6444552405,0.9146514327;0.0400000000,0.8931273493;0.0434097171,0.9600000000;0.0400000000,0.7915131351;0.0400000000,0.6645048199
zhou-g3-314159-82|26|0,2;0,3;0,4;0,5;0,19;1,2;1,5;1,25;2,3;2,13;2,16;2,20;2,21;2,25;3,4;4,8;4,9;5,6;6,7;6,8;6,9;6,10;6,11;6,12;7,8;7,12;9,10;10,11;11,12;13,14;13,15;13,16;13,17;14,15;14,17;15,16;17,18;18,19;18,20;18,21;18,22;18,23;18,24;19,24;20,25;21,22;22,23;23,24|0.2703921805,0.0703568504;0.3120668415,0.5768164075;0.6034747694,0.4934421374;0.4651429210,0.3233653239;0.3560274266,0.1875606231;0.2193556065,0.4040681704;0.2437056024,0.2725710371;0.2692037411,0.1163936623;0.2720582637,0.0848938046;0.4097501708,0.2733232886;0.3170997186,0.2610397095;0.3053322269,0.1360771227;0.2630128078,0.1827350676;0.7760214077,0.7799512261;0.6688356216,0.6538226200;0.7096187514,0.6848051811;0.7335002678,0.7130559676;0.6827877742,0.8733782238;0.4815333551,0.8960652462;0.1803384507,0.6243110818;0.4883921891,0.7444961436;0.8335157856,0.8661075749;0.7406543864,0.9600000000;0.4666067766,0.9600000000;0.2142693671,0.9600000000;0.4607629009,0.6065181036
zhou-g3-314159-96|24|0,1;0,2;0,3;0,6;0,7;0,9;0,12;1,3;1,4;1,10;1,12;1,13;1,23;2,3;2,9;4,5;4,7;4,8;4,23;5,6;5,8;6,9;7,8;10,11;10,13;10,14;10,15;10,19;10,20;10,22;10,23;11,14;11,20;12,22;13,14;15,16;15,17;15,18;15,19;15,21;15,22;16,17;16,21;17,18;18,19;20,21|0.2200670661,0.4156774024;0.4236555765,0.1547619966;0.2714534673,0.3505910857;0.2413722048,0.3883846538;0.4967259624,0.3605964394;0.4477509184,0.2425823302;0.3869150908,0.2102072958;0.3128929331,0.5012207214;0.3766102808,0.4393476079;0.3360700273,0.2699955757;0.7705812817,0.3903529669;0.9600000000,0.3614327682;0.0979790751,0.3579748610;0.7654622707,0.0434839774;0.9600000000,0.1274853513;0.7198265536,0.7348716714;0.7058992585,0.9339735941;0.7635077763,0.8754633884;0.8633872281,0.7705056314;0.9052070861,0.6147291052;0.9600000000,0.6733947435;0.6874636002,0.9600000000;0.4653961447,0.6078159513;0.6127082409,0.2879914289
hajos-314159-103|35|0,1;0,2;0,3;0,4;0,5;0,6;0,7;0,8;0,27;1,2;1,9;2,17;2,21;3,4;3,16;4,5;5,6;6,7;7,8;8,9;9,23;9,24;10,11;10,12;10,13;10,14;10,15;10,16;10,20;10,21;10,22;11,15;11,21;12,13;12,22;13,14;14,15;16,17;16,18;16,19;16,20;16,22;17,18;18,19;19,20;23,24;23,25;23,26;23,27;24,25;25,26;26,30;26,31;27,28;28,29;28,30;28,31;28,32;28,33;28,34;29,30;29,34;31,32;32,33;33,34|0.2617320678,0.6607751652;0.4094300377,0.1997801906;0.5900850631,0.4320300344;0.4810905037,0.8428869892;0.2866593447,0.9566081349;0.1360678089,0.9600000000;0.0400000000,0.8932478950;0.0400000000,0.7457090865;0.0400000000,0.5054842323;0.0400000000,0.1013968050;0.9517002097,0.7320183343;0.9600000000,0.6460840801;0.9190889843,0.9600000000;0.9600000000,0.9600000000;0.9529311198,0.7591235764;0.9600000000,0.8637397834;0.7892006719,0.6755769238;0.7631697203,0.4535810756;0.8831774549,0.4376562456;0.9516441746,0.4949503800;0.9499247781,0.5792915375;0.9600000000,0.4284673033;0.8258872671,0.9404062303;0.0416528372,0.3112930927;0.0419000019,0.2188116517;0.0440199595,0.1388650379;0.0783113810,0.1139915075;0.1204073269,0.4969153580;0.2054373364,0.2810954037;0.1236210759,0.1316925288;0.0737610784,0.2611240395;0.3486046848,0.1867647507;0.3076274080,0.1824713483;0.2481903274,0.1641705115;0.1824970019,0.1466586210
hajos-314159-104|32|0,1;0,3;0,4;0,5;0,17;0,18;1,2;1,5;2,3;2,19;3,4;4,5;6,7;6,8;6,10;6,11;6,12;6,13;6,16;6,24;6,25;6,26;6,28;6,29;6,30;6,31;7,8;7,11;8,9;9,10;9,27;10,11;12,14;12,15;12,16;12,17;12,20;12,21;12,23;12,24;13,21;13,27;14,15;14,23;15,16;17,18;17,19;17,20;17,22;17,23;18,22;19,20;21,22;24,25;25,31;26,27;26,29;28,29;28,30;30,31|0.2441203677,0.6335776486;0.2465140104,0.5438973242;0.2077582300,0.3413178396;0.2192200249,0.4324755382;0.2301418831,0.5004262583;0.2423662599,0.5896075460;0.7365522285,0.3387989977;0.8418738034,0.5073049615;0.9260318653,0.6234577684;0.8914096735,0.8720670730;0.8435152625,0.7015092788;0.8583006159,0.5775786675;0.1780650105,0.1090556551;0.6237390809,0.7357674472;0.2294662527,0.1375385720;0.3152939996,0.1722988446;0.4559779769,0.2275786649;0.2810666142,0.3908221817;0.3351052772,0.6777187545;0.1987945333,0.2599942885;0.1904459791,0.1937606843;0.2485676051,0.6756570653;0.4068599484,0.6927376215;0.1909885180,0.1324597826;0.5449971392,0.0400000000;0.7575215469,0.0400000000;0.9600000000,0.6590016934;0.8699735164,0.9566562349;0.9600000000,0.2060838123;0.9600000000,0.3825728920;0.9600000000,0.0812542883;0.8934156541,0.0400000000
hajos-314159-107|39|0,1;0,2;0,3;0,4;0,5;1,2;1,5;2,3;3,4;4,8;4,9;5,6;6,7;6,8;6,9;6,10;6,11;6,19;7,8;7,12;9,10;10,11;11,12;12,13;12,14;13,14;13,15;13,17;13,18;13,19;13,38;14,15;15,16;16,17;16,20;16,22;17,18;18,19;20,21;20,22;20,23;20,24;21,22;21,24;22,25;22,28;22,29;22,38;23,24;23,27;25,26;25,27;25,28;25,29;25,30;25,34;25,35;25,37;26,29;26,35;27,37;28,38;30,31;30,32;30,33;30,34;30,36;30,37;31,32;31,36;32,33;33,34;35,36|0.5534017284,0.2875925261;0.6185953820,0.2373098432;0.6764927277,0.2468908151;0.6590513925,0.3156458545;0.6274981457,0.3584106940;0.5595693889,0.2289956003;0.5282426716,0.2184800483;0.5252754177,0.4129363976;0.5312869132,0.3663485808;0.7244744852,0.2499245454;0.7585454853,0.2495845713;0.7822125533,0.2491731152;0.7160210339,0.3165973359;0.5553534019,0.4467872579;0.7986180706,0.2550644548;0.8061363540,0.2516051790;0.4622993337,0.2067957646;0.2895196808,0.3834178705;0.3397016889,0.3883540473;0.3784249774,0.2991170768;0.6325162539,0.0841459398;0.5292364221,0.0400000000;0.2768801562,0.3352111992;0.9121711113,0.3529732877;0.8650013521,0.0400000000;0.2543579132,0.7494903969;0.0400000000,0.8104243028;0.6528687620,0.7077231109;0.2651146083,0.6066571014;0.0400000000,0.5935345538;0.3088224006,0.9519373171;0.4786186763,0.9593288557;0.3713097633,0.9590855190;0.1968834052,0.9584055235;0.1331560257,0.9559472348;0.0970484041,0.9600000000;0.5000598954,0.9600000000;0.4785691528,0.8660157259;0.2859966985,0.5163250723
hajos-314159-109|37|0,1;0,2;0,3;0,4;0,28;1,2;1,5;2,3;3,4;4,8;4,9;5,6;5,26;5,27;6,7;6,8;6,9;6,10;6,11;6,19;7,8;7,12;9,10;10,11;11,12;12,13;12,14;13,14;13,15;13,16;13,17;13,18;13,19;14,15;15,16;16,17;17,18;18,19;20,22;20,23;20,24;20,25;20,26;20,29;20,30;20,32;20,33;21,25;21,30;21,36;22,23;22,32;23,24;24,25;25,33;25,34;25,35;25,36;26,27;26,28;26,29;26,31;26,32;27,31;28,29;30,31;33,34;34,35;35,36|0.2977494858,0.1192279422;0.7098762016,0.0400000000;0.4768475457,0.0858822334;0.3343797930,0.1142534553;0.3882600173,0.1129039638;0.8285055765,0.3764222704;0.6028254530,0.2939207113;0.3451073778,0.3230185479;0.3287736690,0.3781984984;0.7259946543,0.0896451659;0.7025292180,0.1257999453;0.7057898684,0.0938831855;0.5200272979,0.1072350065;0.4882433846,0.1762144978;0.5866031468,0.1056417058;0.6447174821,0.1019966215;0.6370316256,0.1997008497;0.5077192254,0.2810981171;0.4116873268,0.2671922276;0.3748172291,0.2976527998;0.5327001554,0.9600000000;0.9574338755,0.9067869865;0.5862682707,0.8831686306;0.5575004301,0.9339952491;0.6378498108,0.9501096454;0.7696448498,0.9541298184;0.6668897133,0.6653133484;0.9600000000,0.5701540349;0.3404631541,0.5372939050;0.3744102137,0.7807570880;0.9600000000,0.9600000000;0.9600000000,0.7417002590;0.6224593372,0.8044745063;0.5584969597,0.9594726263;0.6808811252,0.9591443354;0.8482872259,0.9588243013;0.9318465129,0.9576942712
zhou-g3-314159-122|37|0,1;0,2;0,3;0,4;0,5;0,6;0,7;0,8;0,9;1,2;1,9;2,17;2,21;3,4;3,16;4,5;5,6;6,7;7,8;8,9;10,11;10,12;10,13;10,14;10,15;10,16;10,20;10,21;10,22;10,23;10,24;10,25;10,26;11,15;11,21;12,13;12,22;13,14;14,15;16,17;16,19;16,20;16,26;16,33;17,18;18,19;18,36;19,20;19,27;19,32;19,35;19,36;22,24;23,24;23,25;25,26;27,28;27,29;27,30;27,31;27,35;27,36;28,30;28,31;29,30;29,35;31,32;31,33;31,34;32,34;33,34|0.0695856698,0.2287132606;0.1667689125,0.0400000000;0.3555371555,0.1454351027;0.0951399457,0.5708977287;0.0400000000,0.4452338691;0.0400000000,0.3210203534;0.0400000000,0.1552137725;0.0400000000,0.0913158137;0.0400000000,0.0552356816;0.0400000000,0.0400000000;0.7732469076,0.8104498649;0.9600000000,0.6129744032;0.9105337522,0.9600000000;0.9449953891,0.9600000000;0.9600000000,0.9600000000;0.9600000000,0.7913100333;0.4592306620,0.6972469330;0.2787626819,0.3799726467;0.3965935324,0.1773756404;0.5870545443,0.3861147098;0.7079733408,0.6241094750;0.7634756730,0.4250129700;0.8563749112,0.9600000000;0.6824761677,0.9600000000;0.7780081343,0.9600000000;0.5900334383,0.9600000000;0.4995677938,0.9600000000;0.4118810317,0.3005094650;0.3952878308,0.4309832727;0.5183230274,0.3584992063;0.5380110630,0.4241545363;0.3669242881,0.5234880529;0.5126587160,0.5494796869;0.4144017535,0.6142108715;0.4504295681,0.6559019101;0.4481902968,0.3189290585;0.4286067299,0.2156383385
hajos-314159-124|36|0,1;0,2;0,4;0,5;0,6;0,7;0,10;0,19;0,20;0,21;0,23;0,24;0,25;0,26;1,2;1,5;2,3;3,4;3,22;4,5;6,8;6,9;6,10;6,15;6,16;6,18;6,19;6,27;6,28;6,29;6,31;6,32;6,33;6,34;6,35;7,16;7,22;8,9;8,18;9,10;11,12;11,13;11,14;11,15;11,17;11,18;11,30;12,13;12,17;13,14;14,15;16,17;19,20;20,26;21,22;21,24;23,24;23,25;25,26;27,28;27,35;28,29;29,30;30,31;31,32;32,33;33,34;34,35|0.7621049260,0.3280934078;0.8801758312,0.5712007287;0.8907143194,0.6782126726;0.8748958182,0.8178857384;0.9341218129,0.6126054552;0.8617185194,0.4996695336;0.2164531546,0.1532146615;0.5926749449,0.6925123726;0.3502390786,0.2074143281;0.4222313164,0.2262061444;0.5253901040,0.2561259612;0.2443924909,0.6355422514;0.3760539601,0.6683605415;0.2917224368,0.6612111617;0.1506021748,0.6319513670;0.1695612216,0.4934664547;0.1456717617,0.6518366646;0.4197976640,0.6745822739;0.3574489613,0.3898575053;0.5866470724,0.0400000000;0.8098595061,0.0400000000;0.9600000000,0.5338500250;0.8641504502,0.8729406631;0.9600000000,0.1951705075;0.9600000000,0.3268494433;0.9600000000,0.1036893533;0.9600000000,0.0400000000;0.2180021851,0.1692465169;0.2258117490,0.2270458966;0.2572003123,0.3737284887;0.2027913523,0.5476257387;0.1822642114,0.4261314398;0.1922833895,0.3634555806;0.2034847190,0.3077312721;0.2118757180,0.2621258231;0.2171398164,0.1945071834
zhou-g3-314159-127|20|0,1;0,2;0,3;0,4;0,6;0,7;0,9;1,3;1,4;2,3;2,9;4,7;4,8;4,16;5,6;5,8;5,19;6,9;6,10;6,14;6,15;6,19;7,8;10,11;10,12;10,13;10,14;10,15;10,16;10,17;10,18;11,12;11,18;12,13;13,14;15,19;16,17;17,18|0.7669263947,0.2115436582;0.7471091842,0.0400000000;0.9600000000,0.1741099645;0.9600000000,0.0400000000;0.4338207010,0.0741585070;0.4750850541,0.3625987810;0.6638479230,0.5797445010;0.5361200188,0.1239001894;0.3610830256,0.1752802415;0.9600000000,0.4023693922;0.3041368258,0.7844580707;0.1133736863,0.9600000000;0.2618046504,0.9600000000;0.4619992789,0.9600000000;0.6296035818,0.9116294279;0.4716660526,0.6734630911;0.1498407449,0.4294215112;0.0400000000,0.7045634253;0.0400000000,0.9600000000;0.5167036628,0.5229410970
hajos-314159-128|31|0,1;0,2;0,4;0,5;0,6;0,7;0,8;0,9;0,13;0,14;1,2;1,9;2,3;3,4;3,10;4,5;5,6;6,7;7,8;8,9;10,12;10,13;10,14;10,15;10,19;10,20;10,22;10,23;11,14;11,20;11,26;12,13;12,22;14,23;14,24;14,25;14,26;14,27;14,28;14,29;14,30;15,16;15,17;15,18;15,19;15,21;15,22;16,17;16,21;17,18;18,19;20,21;23,24;24,30;25,26;25,28;27,28;27,29;29,30|0.4485614545,0.5821498362;0.4697210359,0.4247359833;0.4885440262,0.3375436800;0.3283933191,0.2205964774;0.3179741486,0.3535989003;0.3382706014,0.3811106149;0.3708039213,0.4286548239;0.4066803710,0.4841040938;0.4459536571,0.5160920495;0.4497339145,0.5539781463;0.3310674229,0.1689342198;0.7230271558,0.5712112332;0.4235078490,0.1651545949;0.5177591589,0.2609887793;0.2888657810,0.7188633233;0.6989884241,0.1232665377;0.8649461461,0.1328582231;0.8669008255,0.0910481765;0.7994874442,0.1008817629;0.6137382905,0.1287122249;0.8856414394,0.0877259798;0.8438428902,0.2032669983;0.5325165204,0.1481387422;0.0647826064,0.4732354462;0.0400000000,0.7078604602;0.4381047267,0.9600000000;0.5993536471,0.8716434403;0.1400805112,0.9600000000;0.2746623083,0.9600000000;0.0400000000,0.9600000000;0.0400000000,0.8644415866
zhou-g3-314159-140|40|0,1;0,2;0,3;0,4;0,6;0,7;0,29;1,2;1,7;2,3;3,4;4,5;5,6;5,12;5,27;5,28;5,30;5,32;5,34;6,7;8,9;8,10;8,12;8,13;8,22;9,10;9,13;10,11;11,12;11,33;12,13;12,22;12,23;12,33;12,34;12,36;12,37;12,39;14,15;14,16;14,18;14,19;14,20;14,21;14,26;15,16;15,21;16,17;17,18;17,22;17,31;18,19;19,20;20,21;22,23;22,24;22,25;22,26;22,30;22,31;23,24;24,25;25,26;27,28;27,32;28,29;29,30;31,32;33,39;34,35;34,37;34,38;35,36;35,38;36,39;37,38|0.3134952129,0.1483083756;0.1812544981,0.1403330860;0.2270347315,0.1314358721;0.2754149205,0.1206581741;0.3350447431,0.1036896953;0.1475875787,0.1455617387;0.1975315945,0.1643665852;0.1595070962,0.1470232388;0.5840909727,0.6843576624;0.5272746651,0.6917957373;0.5771529939,0.5598329596;0.4189833748,0.5384267587;0.3772154084,0.7534622800;0.4576793379,0.7229549336;0.9136175164,0.5029016072;0.9424278131,0.4095189832;0.9531973057,0.3619591954;0.9600000000,0.3437514222;0.8683061840,0.7050831643;0.8755767398,0.6756864077;0.8970872199,0.5878403292;0.9117022909,0.5303947754;0.7315989616,0.6398609804;0.6303008751,0.9454161960;0.8300937426,0.9600000000;0.9598983104,0.9112999752;0.8545113470,0.7655625309;0.4439462103,0.0715471986;0.3966549853,0.0867777192;0.5207882676,0.0647483430;0.4999027781,0.2906228620;0.7926405952,0.2551631684;0.5624815473,0.0400000000;0.2770700158,0.4697220735;0.2856344444,0.5093132816;0.3101942557,0.5685349408;0.3613001390,0.7091126816;0.3689040801,0.7307103710;0.3467851473,0.6711218700;0.3343347221,0.6321536551
hajos-314159-148|39|0,1;0,2;0,3;0,4;0,5;1,5;1,9;1,10;1,12;1,13;1,37;1,38;2,3;2,27;3,4;4,5;6,7;6,8;6,9;7,8;7,9;8,29;9,27;10,11;10,13;10,14;10,15;10,16;10,31;11,12;11,16;12,38;13,14;14,15;15,16;17,18;17,19;17,20;17,21;17,22;17,23;17,24;17,25;17,26;18,19;18,26;19,32;19,36;20,21;20,31;21,22;22,23;23,24;24,25;25,26;27,28;27,29;27,30;27,31;27,35;27,36;27,37;28,30;28,36;29,30;31,32;31,33;31,34;31,35;32,33;33,34;34,35;37,38|0.1692202953,0.4885788711;0.2496700787,0.2767564822;0.1279034408,0.5886485653;0.2235269706,0.3609799708;0.2068574510,0.3944504573;0.1779150783,0.4662045579;0.0400000000,0.8668064618;0.0419134932,0.8070898731;0.0400000000,0.9600000000;0.0400000000,0.6244309854;0.5696429881,0.0408977920;0.5793304018,0.1456739203;0.3906227213,0.1814902013;0.4370905374,0.1412680184;0.5112216243,0.0895835216;0.5582194260,0.0552848228;0.5693903118,0.0832678617;0.9600000000,0.8567317483;0.7903786024,0.9247584403;0.7095068912,0.9600000000;0.9600000000,0.5354995867;0.9578811176,0.6182485518;0.9549639065,0.6897352745;0.9523597249,0.7554490322;0.9508261780,0.8165994328;0.9149257686,0.8678775209;0.8562777635,0.8942255596;0.3000987238,0.7416495086;0.3074593144,0.9600000000;0.1060445426,0.9600000000;0.1951842350,0.9600000000;0.6272134030,0.4906888776;0.7038144616,0.7627792984;0.6686839546,0.6611485015;0.6242749190,0.5850146625;0.4947813234,0.6625373882;0.4601182958,0.9600000000;0.3194689487,0.4543942914;0.3220727758,0.2400195152
zhou-g3-314159-150|27|0,1;0,2;0,3;0,4;0,5;0,7;0,26;1,2;1,7;2,3;3,4;4,5;5,6;5,11;5,14;5,24;5,26;6,7;6,20;8,9;8,10;8,11;8,12;8,13;9,10;9,13;10,14;11,12;11,18;12,13;14,15;14,16;14,17;14,18;14,19;14,23;14,25;15,16;15,25;16,17;17,18;19,20;19,21;19,22;19,23;19,24;19,25;20,21;21,22;22,23;24,26|0.6077855326,0.1804661519;0.6832549039,0.1488874218;0.4741736252,0.2862408629;0.5366668819,0.2342333358;0.4992951006,0.2597278281;0.4377046075,0.3012690391;0.7746474255,0.2102092659;0.7960552610,0.0755927685;0.2796798562,0.6930737870;0.3247428611,0.7406813491;0.4814028207,0.8496792924;0.2280686617,0.6320146011;0.3783394431,0.8457266729;0.3540628313,0.7962258615;0.7174608553,0.7406656751;0.9600000000,0.9600000000;0.8498919436,0.9600000000;0.6775708994,0.9600000000;0.4542053101,0.9600000000;0.9600000000,0.4620078868;0.8848107735,0.2891840309;0.9207665116,0.3862544777;0.9080921352,0.5058004123;0.8347244023,0.5969410577;0.7845469047,0.0400000000;0.9600000000,0.7743951867;0.7144725459,0.0953045476
zhou-g3-314159-151|33|0,1;0,2;0,15;1,2;1,3;1,10;1,11;1,12;1,13;1,14;1,15;1,16;1,17;1,18;1,32;2,3;3,32;4,5;4,7;4,8;4,9;4,31;5,6;5,9;5,12;5,19;5,25;5,26;5,27;5,28;5,30;5,31;6,7;6,25;7,8;8,9;10,11;10,18;11,25;11,29;12,13;13,14;14,32;15,16;16,17;17,18;19,20;19,21;19,22;19,23;19,24;19,28;19,29;19,30;20,24;20,29;21,22;21,30;22,23;23,24;26,27;26,31;27,28|0.1393686730,0.0400000000;0.2817219703,0.1636682856;0.0400000000,0.0400000000;0.0400000000,0.0749433573;0.8467671271,0.6154068011;0.5895179650,0.7020931964;0.6158042390,0.5003440363;0.7414386856,0.4520091682;0.7873110797,0.5294749015;0.7668497866,0.6150516750;0.6057289405,0.0400000000;0.6472761232,0.3031508550;0.2660346950,0.4717309611;0.0520671116,0.3695171318;0.0400000000,0.2526760416;0.2877794939,0.0400000000;0.5135358300,0.0400000000;0.4833241607,0.0594568358;0.4390023032,0.0900433555;0.5936400114,0.9473187939;0.9377767623,0.9600000000;0.2443586919,0.9600000000;0.3308446096,0.9600000000;0.4966120450,0.9600000000;0.7869573877,0.9600000000;0.5184695912,0.4591527709;0.7772005824,0.7933318164;0.6985584496,0.8561598588;0.6326828951,0.9054309045;0.9043595821,0.6967689156;0.3825816811,0.8971236444;0.8531029897,0.7327112544;0.0400000000,0.1522924163
zhou-g3-314159-163|33|0,1;0,2;0,3;0,4;0,5;1,2;1,5;2,3;3,4;4,8;4,9;5,6;6,7;6,8;6,9;6,10;6,11;6,12;6,13;6,14;6,15;6,16;6,17;6,32;7,8;7,12;9,10;10,11;11,32;12,17;13,14;13,32;14,15;14,18;14,21;14,22;14,31;15,31;16,17;16,20;18,19;18,20;18,21;18,22;18,23;18,27;18,28;18,30;19,22;19,28;20,30;21,31;23,24;23,25;23,26;23,27;23,29;23,30;24,25;24,29;25,26;26,27;28,29|0.8294618838,0.0455120759;0.9418009061,0.0431356246;0.8976886697,0.0411338651;0.7008990400,0.0404271594;0.6633683869,0.0400000000;0.8011976837,0.1120376668;0.5976006552,0.2304005823;0.9600000000,0.2128308299;0.9600000000,0.0400000000;0.5197315752,0.0400000000;0.4194084418,0.0400000000;0.3324132459,0.0400000000;0.9438584915,0.3348955913;0.2604273895,0.2109213839;0.2572272228,0.4642786125;0.4034814528,0.3830219549;0.7511301271,0.5425416521;0.8585830145,0.4264427854;0.2935206860,0.8057631752;0.0400000000,0.9146308768;0.6384765662,0.7929851484;0.2813460710,0.6344863276;0.0400000000,0.6989639469;0.4046790146,0.9522186023;0.4937367935,0.9591559476;0.3436293322,0.9587255464;0.2572747819,0.9585205381;0.1859414095,0.9562523163;0.1361896124,0.9600000000;0.5257874658,0.9600000000;0.6104569689,0.9600000000;0.3050437259,0.5212772453;0.2489013839,0.0400000000
zhou-g3-314159-165|32|0,1;0,2;0,3;0,6;0,7;0,9;0,12;1,3;1,4;1,12;1,13;1,23;1,31;2,3;2,9;4,5;4,7;4,8;4,23;5,6;5,8;6,9;7,8;10,11;10,13;10,14;10,15;10,19;10,20;10,22;10,23;10,26;11,14;11,20;12,22;13,14;13,24;13,25;13,26;13,31;15,16;15,17;15,18;15,19;15,21;15,22;16,17;16,21;17,18;18,19;20,21;24,25;24,27;24,28;24,29;24,30;24,31;25,30;26,27;27,28;28,29;29,30|0.2794840723,0.5643402491;0.3318674135,0.1905483548;0.2880079372,0.5062662368;0.2838594613,0.5338068786;0.3982007330,0.2675855090;0.3337705335,0.2111235233;0.3080650719,0.3845476864;0.3229782955,0.3311357023;0.3329483404,0.2490950148;0.2981026477,0.4414339095;0.7808684370,0.6350721163;0.9600000000,0.7372325382;0.1279642313,0.5338830935;0.8338097979,0.1817932821;0.9600000000,0.4824987121;0.6729447036,0.8763917239;0.5827668031,0.9577776750;0.6928136258,0.9575874418;0.8163320827,0.9565136777;0.8669066733,0.8859506208;0.9022271949,0.9592854986;0.5350373926,0.9600000000;0.4391532405,0.7581676606;0.5407530297,0.4116381762;0.7018989130,0.1906771962;0.8110426555,0.1855006995;0.7993967647,0.4420706430;0.8020666616,0.3531464177;0.8150657023,0.2801338005;0.8247070288,0.2215044232;0.7608593446,0.1928848558;0.5715381122,0.1884593429
hajos-314159-170|15|0,1;0,2;0,4;0,5;0,6;1,2;1,5;2,3;3,4;3,10;3,11;4,5;6,7;6,8;6,9;6,10;6,11;6,12;6,13;6,14;7,8;7,14;8,9;9,10;11,12;12,13;13,14|0.5537661481,0.4467007003;0.5773979865,0.2232598736;0.6770953102,0.3085763475;0.5113767129,0.1441403694;0.3954971783,0.3477760529;0.4681889313,0.2403549058;0.6027067341,0.7649033327;0.7867004078,0.9600000000;0.9600000000,0.9600000000;0.9600000000,0.7284505173;0.8451580465,0.4616730462;0.2741848063,0.5383847595;0.1918772252,0.8149436356;0.3147589376,0.9600000000;0.5420583059,0.9600000000
zhou-g3-314159-183|16|0,1;0,2;0,3;0,4;0,5;0,6;0,7;1,2;1,7;2,3;3,4;4,5;4,8;4,12;4,13;4,15;5,15;6,7;6,14;8,9;8,10;8,11;8,12;8,13;8,14;9,10;9,14;10,11;11,12;13,15|0.7472408483,0.2383108490;0.9380875982,0.0400000000;0.9600000000,0.1855938801;0.9600000000,0.4502204422;0.6229510057,0.6253939726;0.6642796229,0.4157364690;0.3842384044,0.0834432574;0.6582326909,0.0400000000;0.2344851511,0.7384743911;0.0400000000,0.6373874064;0.0400000000,0.9156906298;0.1720562069,0.9600000000;0.4373485665,0.9600000000;0.4130478740,0.6608256169;0.0916143724,0.3676364290;0.4718751226,0.4695910673
hajos-314159-184|38|0,1;0,2;0,4;0,5;0,14;1,2;1,5;2,3;3,4;3,26;4,5;4,14;4,15;4,19;4,26;6,7;6,8;6,10;6,11;6,12;6,13;6,18;6,27;6,28;6,29;6,30;7,8;7,13;8,9;9,10;9,14;9,24;10,11;11,30;12,13;12,29;14,15;14,16;14,17;14,18;14,23;14,24;15,16;16,17;17,18;19,20;19,21;19,22;19,23;19,26;19,34;20,21;20,25;21,22;22,23;24,25;25,31;25,35;27,28;27,30;28,29;31,32;31,33;31,34;31,35;31,36;31,37;32,33;32,37;33,34;35,36;36,37|0.3992305451,0.1298277002;0.5068887835,0.0652459150;0.5529512025,0.1003064398;0.6130444435,0.1352394931;0.4829615748,0.0400000000;0.4520430249,0.0783703989;0.0738801002,0.7730262446;0.0655985079,0.6081196501;0.0571581883,0.5378548307;0.2859536397,0.5708266671;0.3335284047,0.9232431583;0.3003567950,0.9011558544;0.0808644269,0.7213036320;0.0737488965,0.6644225465;0.2735597229,0.2511182461;0.1985014931,0.0400000000;0.0400000000,0.0400000000;0.0400000000,0.1809493083;0.0400000000,0.4034101978;0.8080646035,0.2605882811;0.9115092039,0.4889759243;0.8658594085,0.3975889382;0.8196823042,0.3229550833;0.6049152375,0.2864422050;0.4864463687,0.5184494222;0.7705720099,0.7040062739;0.6818102338,0.1773869346;0.2146640155,0.8423656746;0.1676148338,0.8116838928;0.1196686743,0.7813036569;0.2597176969,0.8731563135;0.9164299182,0.8192456382;0.9600000000,0.9187264856;0.9600000000,0.8103100897;0.9600000000,0.5737810820;0.8127821896,0.9600000000;0.9085817235,0.9600000000;0.9600000000,0.9600000000
hajos-314159-191|39|0,1;0,2;0,3;1,2;1,3;2,24;3,7;3,22;4,5;4,7;4,8;4,9;4,10;4,11;4,26;5,6;5,11;6,7;6,33;7,8;7,32;7,33;7,38;8,9;9,10;10,11;12,13;12,14;12,15;12,16;12,17;12,18;12,19;12,20;12,21;13,14;13,21;14,27;14,31;15,16;15,26;16,17;17,18;18,19;19,20;20,21;22,23;22,24;22,25;22,26;22,30;22,31;22,32;22,34;22,37;23,25;23,31;24,25;26,27;26,28;26,29;26,30;27,28;28,29;29,30;32,33;34,35;34,36;34,37;34,38;35,36;35,38;36,37|0.0423794600,0.8880468837;0.0400000000,0.9535628900;0.0400000000,0.6557485815;0.2311611853,0.9165646539;0.4728879953,0.4323878172;0.3133285263,0.3447205792;0.2786395421,0.5295423722;0.3529146711,0.7003487276;0.4006964967,0.5855158339;0.4289193106,0.4999915789;0.3965991587,0.4020572375;0.3415110461,0.3648261124;0.7366892986,0.6876938144;0.8152934431,0.4245608021;0.8589135580,0.2815757140;0.8198568717,0.3560928374;0.7990757377,0.4615391665;0.7868991044,0.5127698617;0.7720041050,0.5652153911;0.7594470248,0.6091969759;0.7495060160,0.6437211320;0.7402695505,0.6756019088;0.2383263834,0.3753131760;0.1973426521,0.0400000000;0.0400000000,0.3284195434;0.0400000000,0.1278999221;0.5646107653,0.2334606558;0.7659744057,0.2273604418;0.6685074121,0.1683348212;0.5448300046,0.0940953977;0.4292873173,0.1363636394;0.4870713299,0.0570836724;0.2442378778,0.4925695845;0.3040809220,0.6020030431;0.2418171283,0.6977324884;0.2492253771,0.8777882853;0.2337915786,0.9007338859;0.2348427528,0.7345914024;0.2728158951,0.8353706516
hajos-314159-192|40|0,1;0,2;0,3;0,4;0,5;0,6;0,10;0,11;0,31;1,5;1,11;2,3;2,13;3,4;4,5;6,7;6,8;6,9;6,10;6,12;6,13;7,8;7,12;8,9;9,10;11,12;13,14;13,21;13,22;13,23;13,24;13,28;13,29;13,32;14,15;14,16;14,18;14,19;14,20;14,23;14,32;14,33;14,34;14,36;14,37;14,38;14,39;15,16;15,19;16,17;17,18;17,35;18,19;20,29;20,35;21,22;21,31;22,23;24,25;24,26;24,27;24,28;24,30;24,31;25,26;25,30;26,27;27,28;29,30;32,33;33,39;34,35;34,37;36,37;36,38;38,39|0.2100364112,0.3521948843;0.2501271763,0.1771974538;0.3500212583,0.3043440507;0.2822301848,0.3244172215;0.3177815969,0.2714135023;0.2828766901,0.2224194106;0.1697865535,0.1999360711;0.1959481350,0.1251594975;0.1878181674,0.1607568832;0.1822980345,0.2311832775;0.1923948879,0.2787028485;0.2222542677,0.1386164404;0.1985373452,0.1088099280;0.1974553762,0.0998697715;0.7371208739,0.4419683873;0.8602096311,0.7062400149;0.8978949371,0.7725502433;0.7765292415,0.8980051240;0.7726249657,0.7592786278;0.8155461455,0.6482766239;0.4713934099,0.7343551624;0.4077175258,0.3730671621;0.4343090463,0.2559772655;0.5213922443,0.3084542861;0.0915439146,0.4660499440;0.1225920849,0.6027246771;0.0661061901,0.5830840390;0.0519370604,0.5471420234;0.1054608870,0.3846980785;0.0407116886,0.5773605130;0.1848236788,0.6273666771;0.2795365638,0.5635815372;0.6211676641,0.1135042270;0.8550091009,0.1400205946;0.9600000000,0.7213315404;0.7248520189,0.9522191265;0.9600000000,0.4172607532;0.9600000000,0.5427969163;0.9600000000,0.3061430266;0.9600000000,0.2012173858
zhou-g3-314159-194|37|0,2;0,3;0,4;0,5;0,6;0,10;0,11;0,13;0,14;1,5;1,11;1,17;2,3;2,13;3,4;4,5;5,14;5,15;5,16;5,18;5,19;5,21;5,23;5,32;6,7;6,8;6,9;6,10;6,12;6,13;7,8;7,12;8,9;9,10;11,12;14,15;15,21;16,17;16,19;17,22;17,24;18,19;18,20;20,21;20,36;21,27;21,28;21,29;21,30;21,31;21,32;21,33;21,34;21,35;21,36;22,23;22,24;22,25;22,26;23,26;24,25;25,26;27,28;27,35;28,29;29,30;30,31;31,32;33,34;33,36;34,35|0.3208037275,0.2438848808;0.2904783355,0.4917328443;0.2183455835,0.2638130286;0.2060495160,0.2281173284;0.2241691829,0.2243739646;0.1984370036,0.2172499182;0.3464309267,0.3987098922;0.4529285577,0.4603750552;0.5141120658,0.4509823800;0.4259028586,0.3601423544;0.3523218583,0.2921576742;0.5658876842,0.5018040433;0.4945356110,0.4964067078;0.2366436261,0.3199400271;0.4037421547,0.2341387444;0.5206454939,0.2399104463;0.2912837189,0.6152976115;0.3696860415,0.7977453678;0.3324553410,0.8127543555;0.2967305648,0.6483097292;0.7326127280,0.6514632147;0.7627421235,0.2526834066;0.3695764552,0.7974279233;0.2754949639,0.5323414356;0.3601453346,0.7755175940;0.3442283115,0.7359725486;0.2915203921,0.5953462921;0.9600000000,0.1561667460;0.9600000000,0.0810256541;0.9600000000,0.0400000000;0.8801584051,0.0400000000;0.7508027394,0.0400000000;0.5339279462,0.0400000000;0.9600000000,0.4531002660;0.9600000000,0.3528186847;0.9600000000,0.2499196640;0.9600000000,0.5579536046
zhou-g3-314159-203|34|0,2;0,3;0,4;0,5;0,6;0,7;0,31;1,2;1,11;1,33;2,3;2,30;2,31;2,32;2,33;3,4;4,5;5,6;6,7;7,18;7,24;7,25;7,26;7,27;7,29;8,9;8,10;8,11;8,12;8,13;8,14;8,15;8,16;8,17;9,10;9,17;10,24;10,28;11,12;12,13;13,14;14,15;15,16;16,17;18,19;18,20;18,21;18,22;18,23;18,27;18,28;18,29;19,23;19,28;20,21;20,29;21,22;22,23;24,25;25,26;26,27;30,31;30,32;32,33|0.5293854239,0.1195615290;0.9600000000,0.2997473498;0.8419027736,0.0781037506;0.7003377220,0.1023004196;0.6082995586,0.1194267677;0.4926543529,0.1819551282;0.4174287432,0.2716490642;0.2758961113,0.4479822659;0.8398989766,0.8476680448;0.6835051455,0.9600000000;0.5376084050,0.9445710954;0.9600000000,0.5705003589;0.9600000000,0.7129284630;0.9600000000,0.8416376629;0.9600000000,0.9600000000;0.9384062867,0.9600000000;0.8829827158,0.9600000000;0.7891030402,0.9600000000;0.1043513327,0.7624928130;0.1429883593,0.9600000000;0.0400000000,0.6652764620;0.0400000000,0.8546531484;0.0400000000,0.9600000000;0.0670543499,0.9600000000;0.4129105476,0.7097507398;0.3288359107,0.5859146972;0.2374186996,0.5388881168;0.1812443448,0.6320952593;0.2814866052,0.9600000000;0.0400000000,0.5090901360;0.9600000000,0.0400000000;0.7608957056,0.0400000000;0.9600000000,0.0678079969;0.9600000000,0.1540949046
zhou-g3-314159-207|34|0,1;0,2;0,4;0,5;0,6;1,2;1,5;2,3;3,4;3,10;3,11;4,5;6,7;6,8;6,9;6,10;6,11;6,12;6,13;6,14;6,15;6,16;6,19;6,33;7,8;7,14;8,9;9,10;11,12;12,33;13,14;13,16;15,17;15,18;15,19;15,33;16,20;17,18;17,24;17,30;18,19;20,21;20,22;20,23;20,24;20,25;20,29;20,30;20,32;21,22;21,32;22,23;23,24;25,26;25,27;25,28;25,29;25,31;25,32;26,27;26,31;27,28;28,29;30,31|0.2218426595,0.0483124744;0.0828278258,0.0433993425;0.1343786477,0.0412565303;0.0400000000,0.0400000000;0.0846745788,0.1115116620;0.0518241990,0.0523237979;0.4803477522,0.2214969538;0.6947208678,0.0400000000;0.5939366106,0.0400000000;0.4720012123,0.0400000000;0.3209747821,0.0400000000;0.1474592252,0.2249645656;0.1689535612,0.3412140605;0.8051496822,0.1699310137;0.7901790197,0.0400000000;0.3805539914,0.5492826053;0.8276301344,0.3777640959;0.5495389842,0.8153394375;0.4527510830,0.6543644653;0.4517572130,0.4515890836;0.9600000000,0.7413842192;0.9470061057,0.9529681838;0.9570209764,0.9170700835;0.9594860451,0.8647599759;0.9600000000,0.9600000000;0.8157727679,0.8997762259;0.6801586490,0.8524454562;0.7509017788,0.8685401552;0.8383556288,0.7692831387;0.9178783749,0.7444808923;0.7133445729,0.7111520547;0.6179796531,0.8357151318;0.9007185021,0.9366726814;0.2485866203,0.4277831724
zhou-g3-314159-211|36|0,1;0,2;0,3;0,4;0,6;0,7;0,8;0,9;0,25;1,2;1,9;2,3;3,4;4,5;5,31;5,34;6,7;6,10;6,11;6,12;6,13;6,14;6,31;6,35;7,8;8,9;10,11;10,14;11,15;12,13;12,19;12,31;13,14;15,16;15,17;15,18;15,19;15,20;15,24;15,25;15,27;16,17;16,27;17,18;18,29;18,30;19,28;20,21;20,22;20,23;20,24;20,26;20,27;21,22;21,26;22,23;23,24;25,26;28,29;28,30;29,30;31,32;31,33;31,34;31,35;32,33;32,35;33,34|0.2046241891,0.2293151494;0.1682580791,0.3241742530;0.1390847605,0.3768315536;0.0993442340,0.4527849390;0.0400000000,0.5705234590;0.0400000000,0.9600000000;0.3193525231,0.6725975504;0.2407827595,0.4233569916;0.2054871252,0.2502229660;0.1928505455,0.2822052869;0.5022196688,0.7173911419;0.5871836629,0.5825197074;0.4526172786,0.9600000000;0.4371397085,0.9084007944;0.4342491202,0.8256703555;0.8337316099,0.4738226740;0.9600000000,0.4952252434;0.9600000000,0.6243514681;0.9600000000,0.7607266957;0.7432989903,0.8288248407;0.9600000000,0.1991307216;0.9447990788,0.0483768917;0.9446910765,0.0893904704;0.8635940861,0.0820110492;0.8703494741,0.2318293603;0.6254883246,0.1715665783;0.9600000000,0.0400000000;0.9600000000,0.3563294561;0.8767925281,0.9600000000;0.9571345267,0.9201016522;0.9600000000,0.9600000000;0.1858265660,0.9247750696;0.0425367812,0.8555690235;0.0420680332,0.9209073553;0.0673895865,0.9515098781;0.0714176150,0.7664489437
zhou-g3-314159-212|37|0,2;0,4;0,5;0,6;0,10;0,11;0,13;0,14;0,36;1,5;1,11;1,17;2,3;2,13;2,18;2,21;2,22;2,36;3,4;3,18;4,5;5,14;5,15;5,16;5,17;6,7;6,8;6,9;6,10;6,12;6,13;7,8;7,12;8,9;9,10;11,12;14,15;15,16;16,17;18,19;18,20;18,22;19,20;19,22;20,23;21,27;21,33;21,36;23,24;23,25;23,26;23,27;23,28;23,32;23,33;23,35;24,25;24,35;25,26;26,27;28,29;28,30;28,31;28,32;28,34;28,35;29,30;29,34;30,31;31,32;33,34|0.1709154625,0.1629389196;0.2256466163,0.5849335598;0.5165228233,0.3319855133;0.3494971862,0.6452615583;0.0400000000,0.5015873360;0.1741302984,0.5130805000;0.2821654675,0.2217952145;0.1774842743,0.2297951305;0.1743531018,0.1804050784;0.1959538161,0.1816100484;0.2405803546,0.2006376790;0.1779614962,0.3468788158;0.1807868864,0.2853336273;0.3632575393,0.2611224731;0.1742817440,0.5010433128;0.1747750763,0.4632705112;0.1756328422,0.4331399539;0.1783479763,0.4024108416;0.5850938102,0.7072357359;0.7374457861,0.7061100234;0.8593888050,0.7089439571;0.8440555043,0.0400000000;0.5982300293,0.6273293905;0.8387511316,0.2979664889;0.8451532312,0.1355692016;0.8440881741,0.0856830861;0.8420337237,0.0549117983;0.7891531687,0.0931323518;0.8482181419,0.3655674028;0.8512123773,0.5358875999;0.8497742041,0.4962693385;0.8478082655,0.4478460910;0.8455846587,0.4004046801;0.8531774275,0.5807827840;0.8527398020,0.5652095437;0.8457353412,0.2074090817;0.5066670079,0.0400000000
zhou-g3-314159-214|34|0,1;0,3;0,12;1,2;1,3;2,3;2,33;3,7;3,12;3,13;3,14;3,15;3,16;3,20;3,21;3,23;3,33;4,5;4,6;4,8;4,9;4,10;4,11;4,15;5,6;5,11;6,7;7,8;7,21;8,24;9,10;9,28;9,29;10,11;12,23;13,14;13,33;14,15;16,17;16,18;16,19;16,20;16,22;16,23;17,18;17,22;18,19;19,20;21,22;24,25;24,26;24,27;24,28;24,29;24,30;24,31;24,32;25,26;25,32;26,27;27,28;29,30;30,31;31,32|0.1974428935,0.0400000000;0.1071620594,0.0400000000;0.0400000000,0.0400000000;0.3186197661,0.1979707547;0.3735967961,0.8390790504;0.3636158810,0.6986760251;0.3543518880,0.6075939532;0.5985157313,0.5181087201;0.8627922652,0.9501982187;0.5070004540,0.8646518025;0.4191808239,0.8431880519;0.3737918887,0.7791156094;0.3155868300,0.0400000000;0.0400000000,0.2179134209;0.0400000000,0.3466813485;0.1647023976,0.5155523487;0.6886987829,0.0400000000;0.9279599507,0.1084111628;0.8680236482,0.0971593575;0.7777224815,0.0775008898;0.5856084901,0.0905861799;0.6668526432,0.2533945754;0.9600000000,0.1140986687;0.4632540480,0.0400000000;0.8411778256,0.9400674603;0.8083571375,0.9277988829;0.7293325192,0.9096062312;0.6616625322,0.8975338335;0.5958004727,0.8869503416;0.7176200871,0.7367608688;0.7498300280,0.7979425331;0.7812627820,0.8573794739;0.8071295702,0.9018856899;0.0400000000,0.1151508694
zhou-g3-314159-217|27|0,1;0,2;0,4;0,5;0,6;0,12;0,26;1,2;1,7;2,3;3,4;3,8;3,18;4,5;5,6;6,7;6,21;6,22;6,23;6,26;7,21;8,9;8,10;8,11;8,12;8,13;8,17;8,18;8,20;9,10;9,20;10,11;11,12;13,14;13,15;13,16;13,17;13,19;13,20;14,15;14,19;15,16;16,17;18,19;21,23;21,24;21,25;22,25;22,26;23,24;24,25|0.4765109730,0.2147611703;0.3696735938,0.3542845265;0.3000513174,0.4217532059;0.5704350334,0.5774060032;0.8766684377,0.2356880444;0.7394010638,0.2289209280;0.8070593051,0.2380362333;0.6389920546,0.4300947918;0.3356822043,0.8275008580;0.1370998206,0.9600000000;0.0400000000,0.9600000000;0.0400000000,0.7709055024;0.1699443504,0.5418853134;0.6601587321,0.9600000000;0.9307449168,0.9562927109;0.8720533856,0.9495195316;0.7742056466,0.9449957304;0.5549139823,0.9118930565;0.6731447692,0.8123466177;0.9600000000,0.9600000000;0.3416115624,0.9600000000;0.7054140251,0.3392143380;0.6468093582,0.2348808778;0.7760447778,0.2614474840;0.5930316892,0.2897486356;0.4597216433,0.2764712593;0.5580563866,0.2254083571
hajos-314159-218|36|0,1;0,2;0,3;0,4;0,5;1,2;1,5;2,3;3,4;4,24;5,27;5,33;6,7;6,9;6,10;6,11;6,12;6,13;6,28;7,8;7,13;8,9;8,35;9,10;9,24;9,25;9,34;9,35;10,11;11,12;12,13;14,15;14,16;14,17;14,18;14,19;14,20;14,21;14,22;14,23;15,16;15,23;16,29;16,33;17,18;17,28;18,19;19,20;20,21;21,22;22,23;24,25;24,26;24,27;24,28;24,32;24,33;24,34;25,26;26,27;28,29;28,30;28,31;28,32;29,30;30,31;31,32;34,35|0.0744628783,0.0426210170;0.1606414688,0.0417811519;0.1243648969,0.0426002451;0.2551230843,0.0436914233;0.3106341383,0.0505830158;0.2157492564,0.0400000000;0.3849669515,0.7597006558;0.2337268305,0.6765078951;0.0970590016,0.6171744990;0.0400000000,0.5954776975;0.1765819235,0.6582976374;0.2833636151,0.7084592069;0.3656426480,0.7494492752;0.3302531925,0.7298934540;0.7781173563,0.6509164355;0.8220329329,0.3779572156;0.8434459794,0.2602000848;0.6457329169,0.5643768288;0.8005927662,0.4268932376;0.8027826172,0.4692839194;0.7978256926,0.5155931844;0.7907341222,0.5658485886;0.7854671917,0.6031995759;0.7805166602,0.6358915185;0.2259635331,0.2669057131;0.0400000000,0.3672515918;0.0400000000,0.2046416054;0.0400000000,0.0400000000;0.5243122624,0.3624377930;0.7683694436,0.2205439417;0.6883666336,0.1731945197;0.6010683919,0.1234663904;0.4513718048,0.1815932550;0.5009773784,0.0581357348;0.1133523897,0.4746134476;0.0610648743,0.5698737061
hajos-314159-222|39|0,1;0,2;0,3;0,4;0,5;1,2;1,5;2,6;3,4;3,10;3,16;4,5;6,8;6,9;6,10;6,11;6,15;6,16;6,18;6,33;7,8;7,18;7,22;7,28;7,29;7,30;7,31;7,34;8,9;9,20;9,21;10,19;11,12;11,13;11,14;11,15;11,17;11,18;12,13;12,17;13,14;14,15;16,17;19,20;19,21;20,21;22,24;22,25;22,26;22,27;22,31;22,32;22,34;22,35;23,27;23,32;23,38;24,25;24,34;25,26;26,27;27,35;27,36;27,37;27,38;28,29;28,33;29,30;30,31;32,33;35,36;36,37;37,38|0.0619403632,0.0954329490;0.1583929054,0.0424418220;0.2657350601,0.0480616776;0.0400000000,0.0400000000;0.0536860366,0.0420098315;0.0923555382,0.0419260312;0.4646883732,0.2630585282;0.6706260936,0.7913613142;0.3362941489,0.6226524155;0.1695380882,0.5167478971;0.1081946526,0.2507577132;0.8016361498,0.1364351101;0.9264727004,0.0578020664;0.9445815350,0.0416088264;0.8521658930,0.0422597633;0.6791005463,0.0455858086;0.4934639865,0.0400000000;0.9600000000,0.0400000000;0.8024502086,0.4060624919;0.0400000000,0.4613872027;0.0400000000,0.6850430859;0.0421753207,0.6138077146;0.5959703278,0.6714482451;0.6142105750,0.3509958578;0.6016060021,0.7553047343;0.5447034922,0.7263788678;0.4566124595,0.6813410030;0.4243047551,0.5148024754;0.7470894037,0.5621250258;0.7183533653,0.6401537791;0.6936913401,0.7076684832;0.6741746384,0.7647929641;0.7300749583,0.4842186015;0.7183208918,0.3749363207;0.6410210301,0.7750406831;0.5241110902,0.5970772898;0.4692679431,0.5405703466;0.4933242502,0.4688757322;0.5569868787,0.4090183057
hajos-314159-225|22|0,1;0,2;0,3;0,4;0,13;1,2;1,5;2,3;3,4;4,8;4,9;5,6;5,18;5,19;6,7;6,8;6,9;6,10;6,11;6,12;7,8;7,12;9,10;10,11;11,12;13,14;13,15;13,16;13,17;13,18;13,19;13,20;13,21;14,15;14,21;15,16;16,17;17,18;19,20;20,21|0.4414873680,0.6969245282;0.2860957899,0.4306479234;0.3496519475,0.5321950552;0.4182981574,0.6198667523;0.4423967386,0.4404558016;0.2850431328,0.1292630196;0.4218145498,0.2208745779;0.5809337415,0.3332514752;0.6557510422,0.3747540906;0.2894420053,0.1553108130;0.3149118350,0.1747440138;0.3367868189,0.2292060748;0.4873631440,0.2793144590;0.6984901814,0.7907000222;0.8468143633,0.9600000000;0.9600000000,0.9600000000;0.9600000000,0.8295382917;0.9600000000,0.6333537372;0.7522360456,0.4278776251;0.2834430316,0.6706571171;0.4268007348,0.9600000000;0.6473969938,0.9600000000
zhou-g3-314159-226|38|0,1;0,2;0,3;0,4;0,6;0,7;0,8;0,9;0,25;1,2;1,9;2,3;3,4;4,5;5,6;5,31;6,7;6,10;6,11;6,12;6,13;6,14;6,31;7,8;8,9;10,11;10,14;11,15;12,13;12,19;12,31;13,14;15,16;15,17;15,18;15,19;15,20;15,24;15,25;15,27;16,17;16,27;17,18;18,29;18,30;18,32;18,34;18,35;18,37;19,28;20,21;20,22;20,23;20,24;20,26;20,27;21,22;21,26;22,23;23,24;25,26;28,29;28,30;29,37;30,32;32,33;32,35;32,36;33,34;33,36;34,37;35,36|0.2457476056,0.1357600141;0.1495611984,0.2477321683;0.1099574385,0.2844381189;0.0704911616,0.3209518387;0.0400000000,0.3495247102;0.0400000000,0.5436871285;0.1947906069,0.4802849117;0.2394852790,0.1636955381;0.2196620411,0.1842327704;0.1871245807,0.2132113101;0.3163438964,0.5204681794;0.4793814511,0.4334032461;0.1859196638,0.7759718464;0.1916607135,0.7143104050;0.2037223578,0.6291458198;0.7833072208,0.4633734420;0.9600000000,0.5295976362;0.9600000000,0.6823275226;0.7882397570,0.8620196200;0.4972034444,0.6589830814;0.9600000000,0.2031350702;0.9581116410,0.0845382479;0.9375505596,0.0483345531;0.8715282490,0.0700829359;0.8816878278,0.2347360610;0.6420540570,0.1308663647;0.9600000000,0.0400000000;0.9600000000,0.3799782633;0.5580999983,0.8045892449;0.7798382823,0.7533874417;0.4566598984,0.9600000000;0.0400000000,0.6983555644;0.5495329749,0.9311447013;0.4894491283,0.9454922146;0.7141503881,0.8758346064;0.6622236523,0.8962314232;0.5943579393,0.9146678244;0.7810919876,0.8245000608
zhou-g3-314159-238|36|0,1;0,2;0,3;0,4;0,5;0,6;0,7;1,2;1,11;2,3;3,4;4,5;5,6;6,7;7,18;7,24;7,25;7,26;7,27;7,29;8,9;8,10;8,11;8,12;8,13;8,14;8,15;8,16;8,35;9,10;9,17;9,30;9,31;9,32;9,35;10,24;10,28;11,12;12,13;13,14;14,15;15,16;16,17;17,33;18,19;18,20;18,21;18,22;18,23;18,27;18,28;18,29;19,23;19,28;20,21;20,29;21,22;22,23;24,25;25,26;26,27;30,31;30,32;30,33;30,34;31,34;32,35;33,34|0.9156986618,0.1596543174;0.7144466501,0.0400000000;0.9600000000,0.0400000000;0.9600000000,0.0734353038;0.9600000000,0.2966260339;0.9457791701,0.2601110379;0.9198460945,0.2341425950;0.9014180828,0.5092144058;0.1594216075,0.2576370809;0.1272593499,0.5837869549;0.3649610340,0.5322148724;0.3897302068,0.0400000000;0.1928793317,0.0400000000;0.0400000000,0.0400000000;0.0400000000,0.0797433615;0.0400000000,0.1800653291;0.0400000000,0.4005476980;0.0400000000,0.8408418311;0.8172544133,0.8397815461;0.6290035714,0.9600000000;0.9600000000,0.9600000000;0.9340596807,0.9600000000;0.8669708408,0.9600000000;0.7491712978,0.9600000000;0.6323611757,0.4873123958;0.7774112710,0.5146469825;0.8680239799,0.5939953478;0.8491822592,0.6917063810;0.5401972630,0.8122641774;0.9600000000,0.7835326062;0.0512443185,0.7251060713;0.0551943137,0.7831198152;0.0424764631,0.5591200825;0.0416892513,0.6776716371;0.0434493281,0.8216376749;0.0453186008,0.4475239509
hajos-314159-245|40|0,1;0,2;0,3;0,4;0,5;1,2;1,5;2,28;3,4;3,10;3,16;4,5;6,7;6,8;6,9;6,10;6,11;6,15;6,16;6,18;6,30;6,31;7,8;7,18;8,9;9,20;9,21;10,19;11,12;11,13;11,14;11,15;11,17;11,18;12,13;12,17;13,14;14,15;16,17;19,20;19,21;20,21;22,23;22,24;22,25;22,26;22,27;22,31;22,32;22,34;22,37;23,27;23,32;24,25;24,34;25,26;26,27;28,29;28,30;28,31;28,33;28,34;28,35;28,38;29,30;29,33;32,33;35,36;35,37;35,38;35,39;36,37;36,39;38,39|0.3861858723,0.0958815249;0.5814416798,0.1369654833;0.4919261264,0.1212584277;0.2499000250,0.0613822022;0.2635745400,0.0644608379;0.3537566434,0.0852161147;0.5075118140,0.6630138535;0.5450525509,0.9600000000;0.6675652218,0.9600000000;0.7985912160,0.9035438063;0.7949520189,0.1839697839;0.2164274270,0.8775414866;0.0797402166,0.7177337691;0.1312046534,0.7723580702;0.1856752995,0.8317971609;0.2860626442,0.8208709883;0.1395565419,0.4397778848;0.0400000000,0.6743710201;0.4022655939,0.9600000000;0.9600000000,0.5859968025;0.9600000000,0.9004644685;0.9570126443,0.8266394001;0.5079965355,0.4388156435;0.5501274565,0.5640925796;0.6660391795,0.3086385959;0.6655019239,0.3814121676;0.6274218278,0.4449939046;0.5857385247,0.5128982536;0.5289829577,0.2289721080;0.7309670310,0.2538465356;0.7510083762,0.2541593425;0.2594182251,0.4222154619;0.5404014906,0.5951851846;0.7070003445,0.3220696142;0.5992358918,0.2712769060;0.4421002008,0.2989880957;0.2877409704,0.4045262482;0.3324887647,0.4211679121;0.3732919430,0.3419251720;0.4082383977,0.3211244179
hajos-314159-250|30|0,1;0,2;0,3;0,4;0,5;0,6;0,8;0,9;0,28;0,29;1,2;1,9;2,17;2,21;3,4;3,16;4,5;5,6;6,7;7,8;7,27;8,9;10,11;10,12;10,13;10,14;10,15;10,16;10,20;10,21;10,22;10,23;10,24;10,25;10,26;11,15;11,21;12,13;12,22;13,14;14,15;16,17;16,18;16,19;16,20;16,26;17,18;18,19;19,20;22,24;23,24;23,25;25,26;27,28;27,29;28,29|0.2218881228,0.2239696775;0.4242627742,0.0400000000;0.5925261370,0.2027731784;0.3272295928,0.4571850671;0.1122141884,0.4930609089;0.0400000000,0.4267703324;0.0400000000,0.3034998843;0.0400000000,0.0925152167;0.0400000000,0.0400000000;0.2488409540,0.0400000000;0.7364025141,0.8248901581;0.9600000000,0.7553543941;0.8092033851,0.9600000000;0.8867477111,0.9600000000;0.9370490602,0.9600000000;0.9600000000,0.9600000000;0.6363436145,0.5471258453;0.6748263036,0.2956259281;0.7569079822,0.3748631774;0.8382060192,0.4569722226;0.8301360227,0.6159663059;0.9017359305,0.5123085261;0.6986148031,0.9600000000;0.4923150926,0.9600000000;0.5892901971,0.9600000000;0.4078554225,0.9600000000;0.5010979204,0.7852345430;0.0418905518,0.1393445108;0.0438065972,0.2084417130;0.0567789602,0.0609770701
zhou-g3-314159-259|31|0,1;0,2;0,4;0,5;0,6;0,7;0,12;1,2;1,7;2,3;3,4;3,8;3,18;3,21;3,22;3,23;3,24;3,25;3,26;3,27;3,28;3,29;3,30;4,5;5,6;6,7;8,9;8,10;8,11;8,12;8,13;8,17;8,18;8,20;9,10;9,20;10,11;11,12;13,14;13,15;13,16;13,17;13,19;13,20;14,15;14,19;15,16;16,17;18,30;19,23;21,22;21,29;22,23;24,25;24,30;25,26;26,27;27,28;28,29|0.6447637079,0.6273964653;0.4943246393,0.6825611751;0.4067994897,0.6060248063;0.3482299265,0.7743159623;0.7669668599,0.7633477837;0.7429766149,0.7418398435;0.6895555481,0.7577315820;0.5926429108,0.7570507966;0.4755607147,0.3119070062;0.6528918204,0.2370346007;0.5811291851,0.2742438487;0.5329181822,0.3188795541;0.5913899297,0.4294816921;0.8177512743,0.1441588049;0.9600000000,0.1631047247;0.9600000000,0.0400000000;0.8732291058,0.0400000000;0.6398943314,0.0400000000;0.1815149260,0.4795352989;0.9600000000,0.4034357892;0.7308890702,0.1933067764;0.4819137152,0.9600000000;0.6405867493,0.9600000000;0.8369911977,0.7650524500;0.0400000000,0.7931898333;0.0400000000,0.9600000000;0.0782328080,0.9600000000;0.1440214322,0.9600000000;0.2296209143,0.9600000000;0.3443152703,0.9600000000;0.0400000000,0.6332009317
hajos-314159-262|34|0,1;0,2;0,4;0,5;0,6;0,7;0,12;1,2;1,7;2,3;3,4;3,8;3,18;3,21;3,22;3,23;3,24;3,25;3,26;3,28;3,29;3,30;3,31;3,32;4,5;5,6;6,7;8,9;8,10;8,11;8,12;8,13;8,17;8,18;8,20;9,10;9,20;10,11;11,12;13,14;13,15;13,16;13,17;13,19;13,20;14,15;14,19;15,16;16,17;18,30;19,23;21,22;21,29;22,23;24,25;24,30;25,26;26,27;27,28;27,33;28,29;31,32;31,33;32,33|0.6038124069,0.5509772515;0.4837989009,0.6193088432;0.4104409115,0.5599789916;0.3629125251,0.7555222687;0.7330032388,0.7094108670;0.7102561474,0.6889596099;0.6658997260,0.6463930271;0.5857029659,0.7083664575;0.4663924388,0.2700323894;0.6562986998,0.2006342715;0.5877084862,0.2332608043;0.5216089882,0.2656769150;0.4564967127,0.3663873342;0.8142015241,0.1215831013;0.9600000000,0.1369880344;0.9600000000,0.0400000000;0.8832507313,0.0400000000;0.6480030588,0.0400000000;0.1962292233,0.4484749950;0.9600000000,0.3570076462;0.7276830582,0.1643561214;0.6338848609,0.9600000000;0.7270007943,0.9299879877;0.8306839786,0.7009252341;0.0400000000,0.7180729861;0.0400000000,0.8376435219;0.0400000000,0.9600000000;0.2928602757,0.9600000000;0.4314797976,0.9600000000;0.5369791370,0.9600000000;0.0525375744,0.5801908187;0.1436880275,0.9457686136;0.0876246664,0.9545744331;0.2024761785,0.9576432349
zhou-g3-314159-264|30|0,1;0,2;0,3;0,4;0,5;0,6;0,7;1,2;1,7;2,3;3,4;4,5;4,8;4,12;4,13;4,15;5,15;6,7;6,14;8,9;8,10;8,11;8,13;8,14;8,25;9,10;9,14;10,11;11,12;11,22;11,24;11,25;11,29;12,29;13,15;16,17;16,18;16,19;16,20;16,21;16,22;16,25;16,26;16,28;17,21;17,26;18,19;18,28;19,20;20,21;22,23;22,24;22,27;22,28;22,29;23,24;23,27;26,27|0.9478128109,0.1436781127;0.9400448950,0.0400000000;0.9600000000,0.0400000000;0.9600000000,0.2890143593;0.6988025936,0.2777705993;0.8723035826,0.1750267302;0.6648436290,0.0400000000;0.8710676857,0.0400000000;0.3022492904,0.1357519589;0.0400000000,0.0400000000;0.0400000000,0.2094473752;0.2143949359,0.4922018499;0.5800012973,0.7195277413;0.5505208485,0.0476104997;0.2981513905,0.0400000000;0.7500583157,0.0814605275;0.4370223378,0.4252356941;0.2798348365,0.3345884255;0.4804798431,0.5986039160;0.4516672387,0.5375528720;0.3449050054,0.4619826777;0.2688940008,0.4115864495;0.5086424870,0.6706750315;0.3097685243,0.5463224684;0.3511617818,0.5741030380;0.2887178882,0.2189443328;0.2786148276,0.2827967459;0.2556762516,0.5070121774;0.4999911238,0.6477795640;0.4553946360,0.6414556324
zhou-g3-314159-281|26|0,1;0,2;0,3;0,4;0,5;0,17;0,18;0,22;0,25;1,5;1,21;2,3;2,25;3,4;4,5;6,7;6,8;6,9;6,10;6,11;7,8;7,11;8,9;8,12;8,15;8,16;8,24;9,24;10,11;10,14;12,13;12,14;12,15;12,16;12,17;12,20;12,21;12,23;13,16;13,21;14,23;15,24;17,18;17,19;17,20;17,22;17,23;18,19;19,20;22,25|0.8205353243,0.2029735973;0.5813779623,0.0400000000;0.9600000000,0.3035757456;0.9600000000,0.1312441820;0.9600000000,0.0400000000;0.8438004317,0.0400000000;0.1898430842,0.9554612964;0.0400000000,0.9600000000;0.0400000000,0.7007900672;0.1490418376,0.8754022423;0.4552686310,0.9600000000;0.3178220457,0.9600000000;0.2256511189,0.3897402596;0.0400000000,0.1734206381;0.4136347095,0.6911666036;0.1063778675,0.6061899901;0.0400000000,0.4052350723;0.5358640892,0.2727849798;0.6474063611,0.1003981098;0.4440613460,0.0484145806;0.3122473129,0.1554048808;0.2136640637,0.0418827503;0.8133559771,0.4162383056;0.4404889718,0.4951583283;0.0991669222,0.7768612775;0.9600000000,0.4531746559
hajos-314159-286|31|0,1;0,2;0,3;0,5;0,9;0,18;0,19;0,20;0,29;0,30;1,2;1,5;2,3;3,4;4,5;4,17;6,7;6,9;6,10;6,11;6,21;7,8;7,11;8,9;8,30;9,10;9,21;9,22;9,30;10,11;12,13;12,14;12,15;12,16;12,17;13,14;13,17;14,15;15,16;16,19;16,20;18,19;18,22;20,21;22,23;22,24;23,24;23,25;23,26;23,27;23,28;23,29;24,25;25,26;26,27;27,28;28,29|0.2565189675,0.2027184639;0.5788354214,0.0642312861;0.5281703090,0.0895167137;0.4987457834,0.1107834328;0.8222089126,0.0400000000;0.6279878988,0.0400000000;0.4085656691,0.8856546495;0.3704344133,0.7981565885;0.3539389633,0.7090565703;0.3589143498,0.6234121297;0.3928817849,0.8326745470;0.4085142938,0.8855336592;0.9552732111,0.4479586624;0.9600000000,0.5428953989;0.9567802772,0.4916861993;0.9600000000,0.6964632579;0.7562732669,0.6903525177;0.9600000000,0.2462199807;0.5008404705,0.3209634327;0.6283923783,0.3735702591;0.3870786513,0.8983105558;0.5185093888,0.8209057430;0.5460961113,0.5034695938;0.3860562390,0.3397570159;0.4422073154,0.5096545095;0.3166767103,0.4274645716;0.2940050402,0.3403532033;0.2814927341,0.2827341669;0.2724625515,0.2423221436;0.2729719413,0.2148311856;0.3143686374,0.5005463193
hajos-314159-287|30|0,3;0,4;0,5;0,22;0,23;0,24;0,26;0,27;0,28;1,2;1,5;1,25;2,6;2,29;3,4;3,10;3,16;4,5;6,7;6,8;6,9;6,10;6,11;6,15;6,16;6,18;7,8;7,18;8,9;9,20;9,21;10,19;11,12;11,13;11,14;11,15;11,17;11,18;12,13;12,17;13,14;14,15;16,17;19,20;19,21;20,21;22,23;22,26;23,24;24,25;25,26;27,28;27,29;28,29|0.0988776418,0.2257059983;0.4010545420,0.1789067123;0.5046024531,0.4686560387;0.0470367963,0.0539221389;0.0562294781,0.0677433921;0.1050739556,0.0745929173;0.6564736342,0.6432633207;0.8865879763,0.8862130614;0.7101468080,0.9600000000;0.4592160681,0.9600000000;0.1919822621,0.5699289558;0.9362356125,0.4101808485;0.8659167656,0.1536836696;0.8846549637,0.2417175318;0.9055319563,0.3421125573;0.8388436674,0.4840206559;0.5337588248,0.2109551341;0.8479598978,0.0777338999;0.9600000000,0.6996938707;0.0400000000,0.8795817499;0.2327604360,0.9566383489;0.1494207147,0.9600000000;0.1700206312,0.2279392315;0.1476865492,0.1450643481;0.1638766651,0.0981817325;0.3005104043,0.1475433999;0.2687200504,0.2645735439;0.1610301831,0.4135225339;0.1719398658,0.4823260666;0.3126993032,0.5702502797
hajos-314159-288|34|0,1;0,4;0,5;0,6;0,12;0,26;0,27;0,28;0,29;0,31;0,32;0,33;1,2;1,7;2,3;2,30;3,4;3,8;3,18;4,5;5,6;6,7;6,21;6,22;6,23;6,26;7,21;8,9;8,10;8,11;8,12;8,13;8,17;8,18;8,20;9,10;9,20;10,11;11,12;13,14;13,15;13,16;13,17;13,19;13,20;14,15;14,19;15,16;16,17;18,19;21,23;21,24;21,25;22,25;22,26;23,24;24,25;27,28;27,33;28,29;29,30;30,31;31,32;32,33|0.3785419957,0.1681481822;0.5108373804,0.4101748050;0.4368244549,0.6147620812;0.6613816583,0.5835682498;0.7972940829,0.1383636847;0.6177555713,0.1519695248;0.7333210408,0.1457147222;0.7214193367,0.3725553306;0.3966946943,0.8452065954;0.2273053334,0.9600000000;0.0931379798,0.9600000000;0.0666554216,0.8380495027;0.1418480317,0.5779215325;0.7129314469,0.9600000000;0.9406651183,0.9570383044;0.8984964300,0.9513492553;0.8221038254,0.9475010653;0.6267546854,0.9253661020;0.7262906234,0.8208814088;0.9600000000,0.9600000000;0.4391826605,0.9600000000;0.7266732377,0.2324607514;0.5808574594,0.1855951316;0.7279191295,0.1700945240;0.6848242975,0.1689618144;0.7148573702,0.3009326570;0.5072168137,0.1657694169;0.3354099345,0.2502579055;0.3583955025,0.2073169539;0.2541695354,0.4100179015;0.2029006697,0.6142301598;0.2113615284,0.4623980955;0.2734059543,0.3581887139;0.3043026195,0.3061650322
hajos-314159-299|38|0,1;0,4;0,5;0,6;0,31;0,33;1,2;1,5;2,3;2,32;3,4;3,10;3,11;4,5;6,7;6,8;6,9;6,10;6,11;6,12;6,13;6,14;7,8;7,14;8,9;9,10;11,12;12,13;13,14;15,16;15,17;15,18;16,17;16,18;17,21;17,26;17,35;18,22;19,20;19,21;19,22;19,23;19,24;19,25;19,30;20,21;20,25;22,23;23,24;24,25;26,27;26,28;26,29;26,30;26,31;26,34;26,35;26,37;27,28;27,37;28,29;29,30;31,32;31,33;31,34;31,36;31,37;32,36;33,34;35,36|0.5347186525,0.6217630559;0.3417991992,0.6832518621;0.2330302486,0.8686036103;0.3184774319,0.8553135211;0.3551161339,0.7545540598;0.4423262166,0.6583065249;0.6435824799,0.7887333463;0.3791545963,0.8402669321;0.5286357313,0.8121782352;0.6082982971,0.7966310749;0.5743603258,0.8042509039;0.5695234358,0.7179974817;0.6147356188,0.7641579370;0.4808080058,0.8109291483;0.4264689648,0.8261066445;0.3875914496,0.0400000000;0.2898096977,0.0417767806;0.6024802557,0.2138764521;0.0400000000,0.0400000000;0.1574441194,0.0964656013;0.1261717217,0.0436039034;0.3229266862,0.0678785420;0.0400000000,0.2307947191;0.0422085494,0.1665326275;0.0417111158,0.0927222600;0.0578756308,0.0442131020;0.6122389381,0.3131493853;0.5456229794,0.2727696130;0.4969332001,0.2181386437;0.4523900096,0.1724811001;0.3990432736,0.1192210722;0.4241340654,0.5381369557;0.3000403503,0.7440076242;0.6337391467,0.5150211356;0.6212350984,0.4230070749;0.6757724875,0.7834018897;0.2171163683,0.8785561168;0.4461882301,0.3487336165
hajos-314159-301|38|0,1;0,2;0,3;0,4;0,6;1,5;1,6;1,8;1,18;1,19;1,23;1,26;2,3;2,29;3,4;4,5;5,19;6,7;6,9;6,10;6,11;6,15;6,16;6,18;7,10;7,16;8,9;8,19;9,10;11,12;11,13;11,14;11,15;11,17;11,18;12,13;12,17;13,14;14,15;16,17;20,21;20,22;20,23;20,24;20,25;21,22;21,25;22,26;23,24;23,35;24,25;26,27;26,28;26,29;26,30;26,34;26,35;26,37;27,28;27,37;28,29;30,31;30,32;30,33;30,34;30,36;30,37;31,32;31,36;32,33;33,34;35,36|0.2674203317,0.0731984616;0.3551110237,0.4915794190;0.7041573766,0.0448756018;0.6022072270,0.0532750636;0.5388032283,0.0616475026;0.6368068377,0.2783248156;0.2977966893,0.2141767578;0.3179973821,0.1245009892;0.5175496462,0.2417843956;0.3218971034,0.0722074328;0.3220773960,0.0864854836;0.3430782512,0.4036964951;0.3994195173,0.2347019501;0.3200894169,0.2565756900;0.3251631636,0.3103408193;0.3361208082,0.3722191132;0.3635561153,0.1108017220;0.4366206859,0.1766950702;0.3544802742,0.4533349934;0.5474163674,0.3414003791;0.3085020463,0.8435316185;0.4334578356,0.9113722803;0.5441532731,0.8749530458;0.1923387710,0.7917278623;0.2260658678,0.8077517316;0.3517047609,0.8709411312;0.7592407718,0.7010790855;0.9600000000,0.6458612834;0.9600000000,0.5162963082;0.8994336461,0.3494617245;0.9600000000,0.9600000000;0.8369124365,0.9578144218;0.9068136050,0.9560472201;0.9445354196,0.9508132327;0.8910790853,0.8801807069;0.5252894381,0.9600000000;0.7375624484,0.9600000000;0.9600000000,0.7788860885
zhou-g3-314159-322|36|0,1;0,2;0,3;0,4;0,5;0,6;0,7;1,2;1,7;2,3;3,4;4,5;4,8;4,12;4,13;4,15;5,15;6,7;6,14;8,9;8,10;8,11;8,13;8,14;8,25;9,10;9,14;10,11;11,12;11,22;11,24;11,25;11,29;12,29;13,15;16,17;16,18;16,19;16,20;16,21;16,22;16,25;16,26;16,28;17,21;17,26;18,19;18,28;19,20;20,21;22,24;22,27;22,28;22,29;22,34;23,24;23,27;23,35;26,27;27,30;27,32;27,33;27,35;30,31;30,32;30,33;30,34;31,32;31,34;33,35|0.9533925291,0.1360227315;0.9444881044,0.0400000000;0.9600000000,0.0400000000;0.9600000000,0.2659163766;0.7059549439,0.2647595860;0.8907560703,0.1612003943;0.7077511538,0.0400000000;0.8927148093,0.0400000000;0.3175730399,0.1140543332;0.0847818201,0.0400000000;0.0400000000,0.1504281587;0.1465038953,0.4520406946;0.5091717176,0.7038635012;0.5907833178,0.0454493363;0.3692345883,0.0400000000;0.7845820192,0.0790196178;0.4846025352,0.3726104737;0.3149206727,0.3063956332;0.4609970415,0.5175092240;0.4655578795,0.4523385377;0.4423113981,0.3784276586;0.3803276417,0.3392886584;0.4480199631,0.6586757654;0.1981141299,0.3598074762;0.1707655815,0.4685810950;0.2800105621,0.1984245798;0.2484391249,0.2730367628;0.2638534302,0.5035587041;0.4564531872,0.5819177648;0.3801354887,0.6141259439;0.2948574847,0.5531740909;0.3560847587,0.5945981923;0.4300370732,0.6445392523;0.2024111750,0.4825721393;0.4017034446,0.6258606739;0.1876280016,0.4094732257
zhou-g3-314159-324|33|0,1;0,2;0,3;0,5;0,32;1,2;1,5;2,3;3,4;3,25;3,26;3,30;3,32;4,5;4,26;6,7;6,8;6,10;6,11;6,20;7,8;7,11;8,9;9,10;9,31;10,11;10,20;10,21;10,25;10,31;12,13;12,14;12,16;12,17;12,18;12,19;12,24;13,14;13,19;14,15;15,16;15,20;15,29;16,17;17,18;18,19;20,21;20,22;20,23;20,24;20,28;20,29;21,22;22,23;23,24;25,27;25,28;25,30;25,31;25,32;26,27;27,28;29,30|0.3802506197,0.6461091918;0.4303140604,0.7338842560;0.4512267760,0.7974339831;0.4575456906,0.8296714527;0.5143954041,0.7637636431;0.3586759407,0.5856294466;0.4115399399,0.1249247563;0.2713170090,0.1079148238;0.3323719332,0.1220138153;0.2770570369,0.1813825636;0.2606094596,0.0647126879;0.2764040654,0.0746775590;0.9600000000,0.7194019113;0.9586380265,0.9420226994;0.9600000000,0.9600000000;0.8640514047,0.5656176636;0.9574598802,0.5253101323;0.9546327432,0.6524549178;0.9497145953,0.8317302012;0.9536914907,0.9019734897;0.6796405033,0.2222943417;0.5537249770,0.0400000000;0.7853084282,0.0400000000;0.9543011368,0.0733178422;0.9600000000,0.3199540574;0.3107545499,0.5003725923;0.5854143127,0.7001527780;0.4824359711,0.4797374458;0.4903707526,0.3238742882;0.6884566975,0.5618645016;0.4798565499,0.8839900768;0.2874102895,0.2781293475;0.3914613111,0.6793761562
hajos-314159-332|36|0,1;0,2;0,3;0,4;0,5;0,6;0,7;0,8;0,9;1,2;1,9;2,3;3,4;4,5;5,6;6,7;7,8;8,20;9,22;9,33;10,11;10,12;10,13;10,14;10,15;10,16;10,17;10,18;10,19;11,12;11,19;12,27;12,31;13,14;13,26;14,15;15,16;16,17;17,18;18,19;20,21;20,22;20,23;20,24;20,25;20,26;20,30;20,31;20,32;20,33;20,34;20,35;21,25;21,31;22,23;23,24;24,25;26,27;26,28;26,29;26,30;26,35;27,28;28,29;29,30;32,33;32,34;34,35|0.1972563288,0.3561761177;0.0582466112,0.1178227655;0.1886011432,0.3411298539;0.1541927463,0.2801469754;0.1111420863,0.2002588403;0.0865819542,0.1463260800;0.1207644206,0.0847281332;0.2156769971,0.0748084577;0.3590190973,0.1611720293;0.0400000000,0.0947522964;0.8673948745,0.9600000000;0.9200599086,0.7748238033;0.9600000000,0.6480383217;0.7085048586,0.7471915669;0.7676039251,0.8215229717;0.8112823598,0.8756115261;0.8474500678,0.9233868690;0.8660824741,0.9441831662;0.8930338179,0.8435040376;0.8849269803,0.8935327925;0.6325759589,0.2153728238;0.9541414511,0.0400000000;0.3740013879,0.0400000000;0.5738745317,0.0400000000;0.7352582959,0.0400000000;0.8553133422,0.0400000000;0.8124014544,0.4446799692;0.9564859541,0.5507339767;0.9574941232,0.4454717015;0.9566145769,0.3379864131;0.8577030661,0.2549133294;0.9600000000,0.2578536502;0.4198125555,0.4152219515;0.2377291006,0.4235079603;0.5382977763,0.4021255417;0.6696212830,0.3856672646
zhou-g3-314159-335|32|0,1;0,2;0,3;0,4;0,13;1,2;1,5;1,22;1,27;1,28;1,31;2,3;3,4;4,8;4,9;5,6;5,18;5,31;6,7;6,8;6,9;6,10;6,11;6,12;7,8;7,12;9,10;10,11;11,12;13,14;13,15;13,16;13,17;13,18;13,19;13,20;13,21;14,15;14,21;15,16;16,17;17,18;19,20;19,29;20,21;22,23;22,24;22,25;22,26;22,27;22,28;22,29;22,30;23,24;23,30;24,25;25,26;26,27;28,31;29,30|0.5069484875,0.4553683736;0.2477067567,0.6575769770;0.3182470489,0.5785609919;0.3663052814,0.4718645058;0.3541778588,0.3271647611;0.0747087427,0.2434269784;0.1370777607,0.2216654336;0.2565760016,0.1780898357;0.3789267964,0.1325503384;0.1325132975,0.3715927739;0.1380124017,0.2972583516;0.1906121908,0.2153164505;0.3134948708,0.1643598912;0.8196368949,0.2514752402;0.9600000000,0.1666865919;0.9600000000,0.0793317044;0.9600000000,0.0400000000;0.7797977826,0.0400000000;0.5199418974,0.0755302996;0.9600000000,0.5838916999;0.9600000000,0.4281269459;0.9600000000,0.2972451385;0.5315693878,0.9238728005;0.5952399817,0.9167464507;0.7448718710,0.8951855894;0.6717567805,0.8865035133;0.4934182962,0.8720814387;0.4042259955,0.7991030606;0.1739946181,0.8805524295;0.9216427427,0.8929529590;0.8178820393,0.8980371735;0.0400000000,0.6054373460
zhou-g3-314159-343|28|0,1;0,2;0,3;0,4;0,6;1,2;1,5;1,6;1,8;1,18;1,19;2,3;3,4;4,5;5,19;6,7;6,9;6,10;6,11;6,16;6,18;6,20;7,10;7,16;8,9;8,19;9,10;11,12;11,13;11,14;11,15;11,17;11,18;11,20;11,23;11,24;11,27;12,13;12,17;13,14;14,15;15,27;16,17;20,21;20,22;20,24;20,25;20,26;21,22;21,26;22,23;23,27;24,25;25,26|0.3223269462,0.3717247933;0.3765722918,0.5916165305;0.3273936167,0.4193565079;0.2946754453,0.4549924643;0.2635294007,0.5204689260;0.2708125504,0.7270925610;0.3247083013,0.3403352030;0.1832400077,0.6698349984;0.2768335371,0.8164230530;0.2325159169,0.5802591206;0.2081866698,0.6205218474;0.7567717123,0.6258739436;0.7349497821,0.9600000000;0.8874435793,0.9600000000;0.9600000000,0.8974510403;0.9600000000,0.7712693638;0.1399385620,0.7666801925;0.5166273796,0.9080404636;0.5482528518,0.5026524197;0.2814479476,0.7915796441;0.7599511433,0.2270486958;0.9424244677,0.0608190655;0.9600000000,0.0400000000;0.9600000000,0.3933462992;0.8906672763,0.3450948592;0.9542140455,0.1923128219;0.9543950872,0.1073802087;0.9600000000,0.6081676738
hajos-314159-344|35|0,1;0,2;0,3;0,4;0,5;0,6;0,10;0,11;0,13;1,5;1,11;2,3;2,25;2,26;2,27;2,28;2,30;2,31;3,4;4,5;6,7;6,8;6,9;6,10;6,12;6,13;7,8;7,12;8,9;9,10;11,12;13,20;14,15;14,16;14,17;14,18;14,19;15,16;15,19;16,20;17,18;17,24;17,29;18,19;20,21;20,22;20,23;20,24;20,28;20,29;20,31;21,22;21,31;22,23;23,33;23,34;24,32;25,26;25,30;26,27;27,28;29,30;32,33;32,34;33,34|0.6308414296,0.1919156833;0.7407555241,0.0400000000;0.5699400208,0.6869196136;0.8558556681,0.3877077777;0.9584384867,0.1665406947;0.9105982989,0.0400000000;0.2685015342,0.0635320480;0.0998844865,0.0456159512;0.0635040983,0.0404788034;0.1756544825,0.0418651897;0.3819989221,0.0434234822;0.4584162602,0.0400000000;0.0400000000,0.0400000000;0.3639151120,0.2444586164;0.2685520593,0.8904988000;0.3177798525,0.7642959603;0.3395994606,0.6911386297;0.4289044512,0.7706167794;0.3037539149,0.8282718915;0.2844165469,0.8571597431;0.3766412751,0.5748706660;0.5714587980,0.4033758373;0.4866365511,0.4846751004;0.5845822469,0.4547874574;0.5100541497,0.7107185248;0.2538582080,0.9428768800;0.3980222346,0.8266966555;0.3570140208,0.8612864594;0.2367424071,0.9600000000;0.2552383094,0.9169756531;0.4161296953,0.8048552900;0.6026286040,0.3705913264;0.5718658592,0.6287751304;0.5735206940,0.5643325010;0.5862096347,0.5104504152
hajos-314159-355|39|0,3;0,4;0,5;0,22;0,23;0,24;0,26;0,27;0,28;1,2;1,5;1,25;2,6;2,29;3,4;3,10;3,16;4,5;6,7;6,8;6,9;6,10;6,11;6,15;6,16;6,18;7,8;7,18;8,9;9,20;9,21;10,19;11,12;11,13;11,14;11,15;11,17;11,18;12,13;12,17;13,36;14,15;14,30;14,31;14,32;14,33;14,34;14,35;14,37;14,38;16,17;19,20;19,21;20,21;22,23;22,26;23,24;24,25;25,26;27,28;27,29;28,29;30,31;30,38;31,32;32,33;33,34;34,35;35,36;36,37;37,38|0.0695981547,0.2163446635;0.2413666966,0.2882814201;0.3326038251,0.5532231736;0.0400000000,0.0400000000;0.0447389480,0.0514577302;0.0770408998,0.0545701245;0.5271067635,0.6430842702;0.6879686702,0.9024358510;0.5255281626,0.9600000000;0.3124750077,0.9477991255;0.1173717010,0.5352453108;0.8501016994,0.3985550628;0.9434150004,0.0535512104;0.9325700119,0.0803953335;0.7776854356,0.2738224125;0.7058659714,0.5010032594;0.4918364138,0.1990138405;0.9493545356,0.0400000000;0.7941435294,0.7238328193;0.0400000000,0.8336533147;0.1107685188,0.9543331667;0.0400000000,0.9600000000;0.0896480225,0.1685637747;0.0929681891,0.1142802031;0.0892809892,0.0783325535;0.1691745024,0.1958652549;0.0908656868,0.2948276737;0.1042452349,0.4032149799;0.1083949871,0.4619834459;0.1876372139,0.5496582973;0.8814098582,0.2324288643;0.8974556347,0.1689045334;0.8543254133,0.1234531397;0.7843081664,0.1312092846;0.7160587773,0.1401239902;0.6710069879,0.1406180946;0.9135528206,0.1139081947;0.8583529945,0.3449586934;0.8651598523,0.2991200826
hajos-314159-368|31|0,1;0,2;0,3;0,4;0,5;0,6;0,7;0,8;0,9;1,2;1,9;2,26;3,4;3,15;3,28;4,5;5,6;6,7;7,8;8,9;10,12;10,13;10,14;10,15;10,16;10,20;10,21;10,23;10,24;11,15;11,21;11,27;12,13;12,23;13,14;14,15;15,24;15,25;15,26;15,27;15,28;15,29;15,30;16,17;16,18;16,19;16,20;16,22;16,23;17,18;17,22;18,19;19,20;21,22;24,25;25,30;26,27;28,29;29,30|0.1428347318,0.1736754563;0.2361320463,0.0400000000;0.3811273574,0.0501767381;0.0799475007,0.4991134778;0.0400000000,0.3528196995;0.0400000000,0.2494173220;0.0400000000,0.1548371060;0.0400000000,0.0914285344;0.0400000000,0.0551022727;0.0400000000,0.0400000000;0.6408584881,0.8604435804;0.7178886043,0.5944454412;0.7641297889,0.6766774136;0.6183371643,0.7064386836;0.4845254954,0.7797160912;0.3184120857,0.7159129006;0.8783135493,0.8462058597;0.9500875909,0.9543069303;0.9160150390,0.9444906553;0.8537289962,0.9240397894;0.7715331568,0.8974770440;0.9600000000,0.9600000000;0.9275850616,0.9128006921;0.8189132445,0.7553306066;0.3765047828,0.9600000000;0.1962487797,0.9600000000;0.4126296368,0.3468942449;0.5150333159,0.4839576674;0.0400000000,0.7066135905;0.0400000000,0.8540041906;0.0609039743,0.9600000000
zhou-g3-314159-372|40|0,1;0,2;0,3;0,4;0,5;0,6;0,8;0,9;0,28;0,29;1,2;1,9;2,17;2,21;3,4;3,16;4,5;5,6;6,7;7,8;7,27;8,9;10,11;10,12;10,13;10,14;10,15;10,16;10,20;10,21;10,22;10,23;10,24;10,25;10,39;11,15;11,21;12,13;12,22;13,14;14,15;16,17;16,18;16,19;16,20;16,26;17,18;18,19;19,20;22,24;23,24;23,25;25,26;25,30;25,31;25,32;25,33;25,34;25,35;25,36;25,37;25,38;25,39;26,36;27,28;27,29;28,29;30,31;30,38;31,32;32,33;33,34;34,35;35,36;37,38;37,39|0.2174229961,0.1049294857;0.3260477143,0.0400000000;0.5663234361,0.1070184215;0.4020124556,0.2129708852;0.2133951703,0.2262008293;0.0400000000,0.2929296340;0.0400000000,0.2231867559;0.0400000000,0.1104759017;0.0400000000,0.0492874930;0.0400000000,0.0400000000;0.7879133346,0.7564519083;0.9600000000,0.6121160527;0.9061643496,0.9600000000;0.9434830242,0.9600000000;0.9600000000,0.9600000000;0.9600000000,0.7931487292;0.5780027934,0.4542016725;0.6513109419,0.1978502042;0.7275497918,0.2699905806;0.8025890004,0.3466447008;0.8229415978,0.5102390918;0.8697083347,0.4029370308;0.8480157565,0.9600000000;0.6157340185,0.9600000000;0.7598275184,0.9600000000;0.4044211175,0.7786988758;0.1382791522,0.6961387451;0.0419228812,0.0729417326;0.0432572174,0.1572129949;0.1093294136,0.0745950085;0.4512100190,0.6806017276;0.3570718079,0.6232680401;0.2602485662,0.6402210025;0.1855097101,0.6754367967;0.2207443016,0.7136773105;0.1611442868,0.7005476698;0.2727371409,0.7369430139;0.6408539083,0.7484456213;0.5128033261,0.7570510927;0.5984299050,0.7654772944
hajos-314159-389|27|0,1;0,2;0,4;0,5;0,6;0,7;0,19;1,2;1,7;2,3;3,4;3,21;3,22;4,5;5,6;6,7;8,9;8,10;8,11;8,12;8,13;9,10;9,13;10,11;10,14;10,17;10,18;10,26;11,26;12,13;12,16;14,15;14,16;14,17;14,18;14,19;14,22;14,23;14,25;15,18;15,23;16,25;17,26;19,20;19,21;19,22;19,24;19,25;20,21;20,24;23,24|0.6537362543,0.7174629570;0.5417935702,0.8569018838;0.5393104676,0.8069564955;0.5250035351,0.9402021575;0.6005791155,0.8127487248;0.5514016022,0.8939037154;0.5323195302,0.9198491883;0.6199437942,0.7647561674;0.1547793311,0.0455070014;0.0987422696,0.0400000000;0.4401006396,0.0400000000;0.2483155481,0.0497102152;0.0400000000,0.1910632917;0.0400000000,0.0400000000;0.6354275395,0.2908713021;0.9272811330,0.2366733840;0.2682750701,0.2890712845;0.4977749579,0.1218979926;0.7706416081,0.0400000000;0.5439840675,0.5624993402;0.5326707677,0.7230022078;0.5476336487,0.6555682693;0.7339316531,0.5896376652;0.8415900379,0.5501858043;0.5098382688,0.9600000000;0.4143999761,0.3711667708;0.3494691624,0.0536132974
zhou-g3-314159-390|40|0,1;0,2;0,3;0,4;0,5;0,24;0,25;0,27;0,39;1,2;1,5;2,24;3,4;3,39;4,5;6,7;6,9;6,10;6,11;6,12;6,13;6,28;7,8;7,13;8,9;8,35;9,10;9,24;9,26;9,34;9,35;10,11;11,12;12,13;14,15;14,16;14,17;14,18;14,19;14,20;14,21;14,22;14,23;15,16;15,23;16,29;16,33;17,18;17,28;18,19;19,20;20,21;21,22;22,23;24,27;24,28;24,32;24,33;24,34;24,36;25,33;25,39;26,27;26,37;26,38;28,29;28,30;28,31;28,32;29,30;30,31;31,32;34,35;36,37;36,38;37,38|0.7417592805,0.0400000000;0.8110969699,0.0966002012;0.6682142699,0.1042571892;0.9465793591,0.0468639334;0.9389532371,0.0900456487;0.9142168465,0.1521252095;0.0400000000,0.6253633190;0.1343947120,0.6101375859;0.0970764430,0.3959148671;0.1108262476,0.2904501797;0.0759414360,0.4650124197;0.0644845455,0.5341575954;0.0547138638,0.5867465205;0.0634367153,0.6188802036;0.5559050903,0.9600000000;0.7167666113,0.8399401091;0.8500636883,0.7450686751;0.2802239240,0.8966427163;0.3239223249,0.9044530958;0.3851939470,0.9151845194;0.4505313869,0.9269725156;0.5164996355,0.9384012551;0.6406162394,0.8885307554;0.5937219537,0.9300950159;0.4853141123,0.2364687034;0.9600000000,0.0400000000;0.0400000000,0.0400000000;0.4018728048,0.0400000000;0.4617223995,0.5961212259;0.7477924709,0.7116940590;0.7456407776,0.6152130428;0.6695217720,0.5349769902;0.5735600310,0.4216068895;0.8433687084,0.3599500850;0.2836983578,0.2709379250;0.1642394909,0.2962573970;0.2385709393,0.0446496025;0.0503547394,0.0607568321;0.0998337770,0.0419433436;0.9000663847,0.0410052890
zhou-g3-314159-392|37|0,1;0,2;0,4;0,5;0,14;1,2;1,5;2,3;3,4;3,26;4,5;4,14;4,15;4,19;4,26;6,7;6,8;6,10;6,11;6,12;6,13;6,18;6,27;6,28;6,29;6,30;7,8;7,13;8,9;9,10;9,14;9,24;10,11;11,30;12,13;12,29;14,15;14,16;14,17;14,18;14,23;14,24;15,16;16,17;17,18;19,20;19,21;19,22;19,25;19,26;19,36;20,21;20,25;21,22;22,23;22,31;22,33;22,34;22,36;23,34;24,25;27,28;27,30;28,29;31,32;31,33;31,35;31,36;32,33;32,35;34,35|0.3512873537,0.0400000000;0.0854225219,0.0433825955;0.0400000000,0.0400000000;0.0400000000,0.2340156763;0.3620621500,0.2353511912;0.1813075939,0.0523441904;0.6461176683,0.2822640984;0.8414238681,0.2271436935;0.8448846205,0.1831701953;0.8562956320,0.3651405006;0.4169553290,0.3914854713;0.4773708961,0.3639962297;0.8160011983,0.3596136222;0.8459275437,0.2864190448;0.8459039385,0.1195351109;0.6367856118,0.1711607122;0.8045770869,0.1303552149;0.8347568524,0.1228675719;0.7354817226,0.1529265083;0.3968109770,0.6580670890;0.5635362403,0.7663272726;0.5073316045,0.7353736971;0.6581961226,0.8469582763;0.9206786739,0.6184578679;0.8952174945,0.4759364992;0.6880227563,0.6782714375;0.1347221798,0.4369306053;0.5370719449,0.3757662882;0.6227724860,0.3741948213;0.7324329074,0.3671143505;0.4429521009,0.3852186474;0.5569741095,0.9600000000;0.7151424227,0.9506979274;0.7920343662,0.9378836861;0.9137599768,0.9223811844;0.6631259847,0.9600000000;0.3963746587,0.9600000000
hajos-314159-394|9|0,1;0,3;0,4;0,5;0,6;1,2;1,5;2,3;2,7;2,8;3,4;4,5;6,7;6,8;7,8|0.5461823122,0.3785762360;0.6253470883,0.5849629087;0.9600000000,0.6263662201;0.9600000000,0.1590121300;0.8541427268,0.2308091479;0.7052972822,0.3400958720;0.5529748139,0.8863071817;0.8084336665,0.9152037374;0.9600000000,0.9600000000
hajos-314159-395|23|0,2;0,3;0,4;0,5;0,6;0,10;0,11;0,13;0,14;1,5;1,11;1,17;2,3;2,13;3,4;4,5;5,14;5,15;5,16;5,17;6,7;6,8;6,9;6,10;6,12;6,13;7,8;7,12;8,9;9,18;9,20;10,19;11,12;14,15;15,16;16,17;18,19;18,20;18,21;18,22;19,22;20,21;21,22|0.3058806335,0.3724841506;0.2347894420,0.8637233961;0.4234314272,0.4892753506;0.3304900527,0.4185341633;0.2629707048,0.4792791837;0.1738623301,0.6463782687;0.6826499682,0.6518935191;0.7685260040,0.9600000000;0.9600000000,0.8315126496;0.9600000000,0.5681087202;0.6601787743,0.2589141784;0.0408495078,0.8075894500;0.4719248566,0.9436060005;0.5293765579,0.5617424871;0.2046602263,0.5436735445;0.1085589753,0.7016487121;0.0612019579,0.7821208935;0.1418775051,0.8305573265;0.9600000000,0.2510579438;0.9600000000,0.0400000000;0.9555153473,0.3693361482;0.9432911324,0.1467436227;0.9509127600,0.0680946967
hajos-314159-397|38|0,1;0,2;0,3;0,5;0,9;0,18;0,19;0,20;0,29;0,30;1,2;1,5;2,3;3,4;4,5;4,17;6,7;6,9;6,10;6,11;6,31;7,8;7,11;8,9;8,30;9,10;9,21;9,22;9,30;10,11;12,13;12,14;12,15;12,16;12,17;13,14;13,17;14,15;15,16;16,19;16,20;18,19;18,22;20,21;21,33;21,34;22,23;22,24;23,24;23,25;23,26;23,27;23,28;23,29;24,25;25,26;26,27;27,28;28,29;31,32;31,33;31,34;31,35;31,36;31,37;32,33;32,37;34,35;35,36;36,37|0.2225569230,0.1443883155;0.5902757327,0.0420894024;0.5053442102,0.0675737115;0.4767202206,0.0794989418;0.7865469069,0.0400000000;0.5446194172,0.0400000000;0.3645160934,0.6837264889;0.3493215137,0.6363646758;0.3022795230,0.4485466892;0.3551138476,0.4981575383;0.3536641041,0.5955157564;0.3325284788,0.5567592652;0.9564161820,0.4287946358;0.9600000000,0.5750511721;0.9555440786,0.5492127316;0.9461757527,0.5025808468;0.7496370438,0.6193923616;0.9600000000,0.2481374472;0.4734078221,0.2523208720;0.6087651092,0.3061102827;0.4190330658,0.9131753715;0.4301227289,0.9029303650;0.5076271979,0.3536222843;0.3425212444,0.2039013793;0.4048350265,0.2942919539;0.2767398853,0.2758384692;0.2543582664,0.2222105651;0.2392701819,0.1826361623;0.2299031119,0.1548103803;0.2559737119,0.1606748907;0.2771493516,0.3514138939;0.4045805541,0.7853802067;0.4294427843,0.9007040672;0.4234998818,0.8687102672;0.3802180104,0.7541010168;0.4027544626,0.8164823055;0.4118456105,0.8449914751;0.4248386785,0.8854117637
hajos-314159-401|38|0,1;0,3;0,4;0,5;0,28;1,2;1,5;1,9;1,16;1,22;1,23;1,24;1,25;1,27;1,28;2,3;2,22;3,4;4,5;6,7;6,8;6,9;6,11;6,12;6,13;6,14;6,15;6,29;6,31;6,32;6,33;6,34;6,35;6,36;6,37;7,8;7,15;8,22;8,26;9,10;10,11;10,30;11,12;12,13;13,14;14,15;16,17;16,18;16,19;16,20;16,21;16,25;16,26;16,27;17,21;17,26;18,19;18,27;19,20;20,21;23,24;23,28;24,25;29,30;29,37;30,31;31,32;32,33;33,34;34,35;35,36;36,37|0.0716342735,0.0400000000;0.4101187155,0.1870123291;0.0956174257,0.3275669465;0.0400000000,0.1674803596;0.0620329831,0.0861639674;0.1328256695,0.0718971613;0.5658278305,0.5996796455;0.6894822421,0.8725291303;0.7012614347,0.8877655774;0.5292690802,0.2647449675;0.3621209700,0.3256083522;0.3262649730,0.6099639411;0.5014591418,0.7387467461;0.5845438789,0.7987666392;0.6504100783,0.8469629410;0.6571456472,0.8146277172;0.8508120340,0.3788440514;0.9345796631,0.6665584897;0.8082638222,0.3659701901;0.8659205709,0.4630266285;0.8900975676,0.5373396031;0.9133884607,0.6060391788;0.2668121343,0.5686973347;0.3763685107,0.0400000000;0.5650794982,0.0400000000;0.7289170318,0.0707822870;0.9600000000,0.7444311794;0.6874134813,0.3097254076;0.2250705505,0.0400000000;0.3627697807,0.6061663475;0.3573923666,0.3922216352;0.5248690283,0.3502945658;0.5326775103,0.4292831094;0.4625412128,0.4630581955;0.3655689499,0.4876390948;0.3672280114,0.5630454630;0.4317928221,0.5970491426;0.5153713976,0.5998926146
hajos-314159-414|40|0,1;0,2;0,3;0,4;0,6;0,7;0,9;1,3;1,4;2,3;2,9;4,5;4,7;4,8;5,6;5,8;6,24;7,8;9,29;9,32;10,11;10,12;10,14;10,15;10,24;11,12;11,15;12,13;13,14;13,35;14,15;14,24;14,25;14,29;14,35;16,17;16,18;16,20;16,21;16,22;16,23;16,28;16,36;16,37;16,38;16,39;17,18;17,23;18,19;19,20;19,24;19,33;20,21;21,39;22,23;22,38;24,25;24,26;24,27;24,28;24,33;25,26;26,27;27,28;29,30;29,31;29,32;29,34;29,35;30,31;30,34;31,32;33,34;36,37;36,39;37,38|0.6222913730,0.0466872032;0.6854129342,0.0400000000;0.9595711292,0.0400000000;0.8640614073,0.0400000000;0.3495244199,0.0400000000;0.0613269341,0.0400000000;0.2436411044,0.1482614452;0.4047453398,0.0442384374;0.1592197473,0.0421775534;0.9014392089,0.2172513528;0.0948473028,0.8295456339;0.0608815721,0.9573633209;0.0400000000,0.9600000000;0.3156294671,0.9600000000;0.3868188263,0.8178277560;0.1596418176,0.9564705121;0.4638687977,0.5732627118;0.3330512905,0.4595491275;0.2865598101,0.4730458637;0.4518024068,0.3769159961;0.6618215132,0.6448174929;0.6507473918,0.6387961045;0.4904630062,0.4347128270;0.3924028061,0.4228909449;0.1926008308,0.5208178061;0.3284522985,0.7243584178;0.2758389593,0.6394059879;0.2319581836,0.5696218390;0.2250289035,0.5109872065;0.7789374137,0.5720098617;0.8615876502,0.3153871543;0.8158110363,0.4610214840;0.8435744921,0.3821482267;0.4103897819,0.2577116709;0.7200201687,0.2915912485;0.5988982134,0.9202128766;0.6348141544,0.6159930537;0.5913964394,0.5616736499;0.5438749459,0.5017621485;0.5936214897,0.6161940005
zhou-g3-314159-420|24|0,1;0,2;0,3;0,4;0,5;0,10;0,11;0,13;0,14;1,5;1,11;2,3;2,13;3,4;4,5;6,7;6,8;6,9;6,10;6,12;6,13;6,23;7,8;7,12;8,9;9,10;10,14;10,15;10,16;10,23;11,12;14,16;14,17;14,18;14,19;14,20;14,21;14,22;15,22;15,23;16,17;17,18;18,19;19,20;20,21;21,22|0.8084796979,0.3110215207;0.7934590680,0.0400000000;0.9600000000,0.5750697025;0.9600000000,0.3385377069;0.9600000000,0.1420109853;0.9600000000,0.0400000000;0.3028192347,0.3234976245;0.1112186708,0.0641306112;0.1635226816,0.1121004289;0.2956164641,0.0819710420;0.5078408156,0.2919447472;0.5208554962,0.0400000000;0.0842340618,0.0400000000;0.7928912410,0.8021161658;0.7225357864,0.5424605357;0.4986724404,0.5092452372;0.5761698929,0.4081447185;0.5646640790,0.5623587367;0.6321680517,0.6345932791;0.6927060577,0.6896125724;0.7373523909,0.7298707682;0.7687008121,0.7603248400;0.7804510598,0.7851793999;0.3635785039,0.3762735852
zhou-g3-314159-422|13|0,3;0,4;0,5;0,6;0,12;1,2;1,5;1,10;2,3;2,7;2,8;3,4;4,5;5,9;5,10;5,11;5,12;6,7;6,8;7,8;9,11;9,12;10,11|0.3216361143,0.3234993830;0.7475040936,0.7350112717;0.3601423832,0.9380201501;0.3257369189,0.6361488044;0.4750848149,0.4380269952;0.7140032127,0.3236387938;0.0400000000,0.6273639667;0.0657691008,0.8662513841;0.0400000000,0.9600000000;0.8504617653,0.0400000000;0.9600000000,0.5063825571;0.9600000000,0.2138107047;0.5579520800,0.0400000000
zhou-g3-314159-427|32|0,1;0,3;0,4;0,5;0,16;0,26;0,27;0,30;0,31;1,2;1,5;2,3;2,25;3,12;3,16;3,17;3,25;3,31;4,5;4,28;6,7;6,8;6,9;6,10;6,11;7,8;7,11;8,9;9,10;10,14;10,15;11,12;12,13;12,14;12,15;12,24;12,25;13,14;13,17;15,16;17,18;17,19;18,19;18,20;18,21;18,22;18,23;18,24;19,20;20,21;21,22;22,23;23,24;26,27;26,28;26,29;26,30;27,31;28,29;29,30|0.1904218566,0.4037058655;0.3921145390,0.0657489900;0.8578850692,0.2436312932;0.5633861076,0.6289653427;0.0400000000,0.1134527274;0.1220230802,0.0402648846;0.5298697514,0.1868569120;0.6872848023,0.2102406883;0.7330235548,0.2183888825;0.5732410138,0.1955764557;0.4670354262,0.1804781945;0.6356716548,0.2015359981;0.8112528964,0.2269823209;0.7200180813,0.3472640456;0.7777185152,0.2279134352;0.4034157252,0.1676631191;0.3241584176,0.4446616414;0.4716903253,0.5507126854;0.5784904841,0.6022472028;0.5182722172,0.5656638833;0.6866390794,0.4111980941;0.6729662595,0.4449894853;0.6546295823,0.4776338603;0.6111049046,0.5491056177;0.6417093961,0.5015501102;0.7859838611,0.3354893923;0.0400000000,0.5293401408;0.0400000000,0.7090310233;0.0400000000,0.2444746789;0.0419030918,0.3583958465;0.0446782262,0.4657621456;0.2291131459,0.7386620400
hajos-314159-440|26|0,1;0,2;0,3;0,5;0,6;0,7;0,25;1,2;1,7;2,3;3,4;4,5;4,14;4,15;5,6;6,7;8,9;8,10;8,11;8,12;8,13;9,10;9,13;10,14;11,12;11,17;11,23;12,13;14,15;14,16;14,17;14,18;14,22;14,23;14,25;15,16;16,17;18,19;18,20;18,21;18,22;18,24;18,25;19,20;19,24;20,21;21,22;23,24|0.6794168041,0.0687132955;0.8017145784,0.0692432986;0.7351565590,0.0891707793;0.8896954468,0.1990158289;0.9136516942,0.3871081076;0.9600000000,0.0400000000;0.9329944702,0.0470979360;0.8764154889,0.0574580003;0.6179521028,0.9497002776;0.7495594329,0.9565832959;0.7397998852,0.8597716874;0.3921623913,0.9600000000;0.4198313942,0.9594276336;0.5502229586,0.9586211063;0.6315971634,0.6739085555;0.9600000000,0.6091760864;0.9600000000,0.7992058314;0.8140376087,0.9600000000;0.2230288138,0.6883442519;0.0607902342,0.9376474225;0.1010450585,0.8891168958;0.1656226677,0.8010242501;0.3509158293,0.6926503122;0.2901357551,0.8983026713;0.0400000000,0.9600000000;0.4503192499,0.3852886838
zhou-g3-314159-448|30|0,1;0,2;0,3;0,4;0,5;1,2;1,5;2,3;3,4;4,8;4,9;5,6;6,7;6,8;6,9;6,10;6,11;6,19;7,8;7,12;9,10;10,11;11,12;12,13;12,14;13,14;13,16;13,17;13,18;13,19;13,21;14,15;15,16;15,29;16,17;16,20;16,21;16,22;16,23;16,25;16,26;16,28;16,29;17,18;18,19;20,22;20,23;21,22;23,24;23,26;23,27;24,25;24,27;25,28;26,27;28,29|0.3488165869,0.5336886653;0.3599352648,0.4798831323;0.4527958338,0.6249413978;0.3927760142,0.6027641285;0.3469085934,0.5879564806;0.3512808930,0.4188454432;0.4977534425,0.4594591556;0.3366091271,0.3159355143;0.3438935975,0.3645867549;0.5140909396,0.6533845048;0.5916971174,0.6626002594;0.6294337793,0.6731687418;0.3458118208,0.6328344923;0.3291672140,0.2186897266;0.3471004964,0.7174837339;0.7636261865,0.6583176309;0.7835437380,0.2812307788;0.5336654964,0.2499431774;0.3755546391,0.2287969303;0.3358620026,0.2488864314;0.9600000000,0.0400000000;0.5812830894,0.0400000000;0.7810123804,0.0400000000;0.9600000000,0.0744714047;0.9600000000,0.2768264702;0.9600000000,0.4094112565;0.9508775168,0.1189137421;0.9575330984,0.1783204313;0.9600000000,0.5177666956;0.9600000000,0.6208166595
zhou-g3-314159-449|28|0,1;0,2;0,3;0,4;0,5;0,10;0,11;0,13;0,14;1,5;1,11;2,3;2,13;3,4;4,5;6,7;6,8;6,9;6,10;6,12;6,23;6,27;7,8;7,12;8,9;9,10;10,14;10,15;10,16;10,23;11,12;13,26;14,16;14,17;14,18;14,19;14,20;14,21;14,22;15,22;15,23;16,17;17,18;18,19;19,20;20,21;21,22;23,24;23,25;23,26;23,27;24,25;24,27;25,26|0.7382792192,0.2526394480;0.7057846156,0.0400000000;0.9600000000,0.3393097392;0.9600000000,0.1576354614;0.9600000000,0.0400000000;0.8662771889,0.0400000000;0.0929770896,0.3935659749;0.1651504692,0.1058594183;0.1502784523,0.1907025053;0.1406167476,0.3005230388;0.3495275281,0.4625761675;0.4967731690,0.0400000000;0.1771912369,0.0400000000;0.8619724197,0.5766117410;0.6029511844,0.5399231603;0.4004480003,0.7723879023;0.4388523071,0.5076883295;0.4127057068,0.6444092615;0.5064792284,0.7363336938;0.6034564303,0.7108208605;0.6841307536,0.6894781668;0.7318768541,0.6564768906;0.7571406539,0.6720402949;0.1924196439,0.7506848402;0.0400000000,0.9600000000;0.2053683244,0.9600000000;0.5036408095,0.9122206572;0.0400000000,0.7205125690
zhou-g3-314159-453|40|0,1;0,2;0,3;0,4;0,5;0,6;0,7;0,8;0,9;1,2;1,9;2,17;2,21;3,4;3,16;4,5;5,6;6,7;7,8;8,9;10,11;10,12;10,13;10,14;10,15;10,16;10,20;10,21;10,22;10,23;10,24;10,25;10,26;10,33;10,34;10,38;10,39;11,15;11,21;12,13;12,22;13,39;14,15;14,37;16,17;16,18;16,19;16,20;16,26;17,18;18,19;19,20;22,24;23,24;23,25;25,26;27,28;27,29;27,30;27,31;27,32;28,29;28,32;29,30;30,31;31,35;31,36;32,33;33,34;33,35;33,36;33,37;33,38;34,35;36,37;38,39|0.1487709547,0.0516017619;0.2396574307,0.0400000000;0.4767165376,0.0400000000;0.2589227698,0.1381029236;0.0400000000,0.2515676297;0.0400000000,0.1933272766;0.0400000000,0.1321337323;0.0400000000,0.0825999367;0.0400000000,0.0521760116;0.0400000000,0.0400000000;0.6222204988,0.4990434089;0.9460877506,0.4054188828;0.2821926534,0.5997698236;0.3641187783,0.6526740784;0.7796920654,0.8019776564;0.9389884542,0.6026154087;0.5611291464,0.1794911435;0.4320655041,0.0456372957;0.5667489580,0.0848670859;0.7066331026,0.1517144690;0.7657110283,0.2544082657;0.8130314789,0.2007222945;0.3115393237,0.5016680447;0.4761515497,0.3651295285;0.3818427584,0.4224127831;0.5844832651,0.3626666515;0.5749518174,0.2790971306;0.3993957607,0.9371297594;0.4236000647,0.9224634490;0.4959514738,0.8963444280;0.5559386148,0.8779609830;0.6120712413,0.8620012745;0.4487602217,0.8982302189;0.5546159877,0.7945825847;0.7353081191,0.7254099883;0.7411725208,0.8139427262;0.3666817553,0.9516206254;0.3491210297,0.9600000000;0.5793760172,0.6613933559;0.4776812151,0.6375467588
hajos-314159-456|33|0,3;0,4;0,5;0,6;0,16;0,21;0,22;0,23;0,24;0,25;0,29;0,32;1,2;1,5;1,10;2,3;2,7;2,8;3,4;4,5;5,9;5,10;5,11;5,12;6,7;6,8;7,8;9,11;9,12;10,11;12,30;13,14;13,15;13,17;13,18;13,19;13,20;13,24;14,15;14,20;15,16;16,17;16,30;17,18;18,19;19,20;21,22;21,32;22,23;23,24;25,26;25,27;25,28;25,29;25,31;25,32;26,27;26,31;27,28;28,29;30,31|0.3025045387,0.3251865057;0.2031472994,0.9600000000;0.0495583015,0.8979590042;0.0925148228,0.5981788573;0.2057366571,0.5735671971;0.4148668068,0.7727961156;0.0400000000,0.6549684846;0.0419863796,0.8287808113;0.0400000000,0.9600000000;0.6342402707,0.9600000000;0.3325307279,0.9600000000;0.4790894914,0.9600000000;0.7849738240,0.7986114529;0.8157301799,0.1957529593;0.6960442747,0.0874344285;0.6444295407,0.1159740361;0.7589711837,0.0400000000;0.7770062356,0.0756187588;0.7865746002,0.1115333759;0.7981227350,0.1528418636;0.7425722512,0.0551181938;0.3514469499,0.3285389164;0.3912580329,0.2800980869;0.4558644286,0.2383427812;0.5383558237,0.1843785137;0.6506948628,0.5327898851;0.8692826204,0.5996150290;0.8213916462,0.7042783527;0.6732043332,0.7270103709;0.4822482619,0.5744987566;0.9590761838,0.4072055760;0.9136370744,0.4977075850;0.4699989262,0.4058835731
hajos-314159-460|24|0,1;0,2;0,3;0,4;0,5;1,2;1,5;2,6;3,4;3,10;3,16;4,5;6,7;6,8;6,9;6,10;6,11;6,16;6,18;6,19;6,20;6,21;6,22;7,8;7,18;8,9;9,10;11,12;11,13;11,14;11,15;11,17;11,18;12,13;12,17;13,14;14,15;15,23;16,17;19,20;19,23;20,21;21,22;22,23|0.7448182795,0.1606050642;0.9130594015,0.2738977149;0.8277701885,0.3743865669;0.5941451870,0.0400000000;0.6171587557,0.0574229678;0.8126822433,0.1999733096;0.5921675279,0.5348704136;0.5561211799,0.8871681249;0.7867458410,0.8444070014;0.9344845778,0.6403728846;0.9576533071,0.3023398798;0.1391528993,0.3629671588;0.0520520974,0.0610409315;0.0748604392,0.1040448707;0.1007478733,0.1670041215;0.1301253173,0.2551728933;0.3835462599,0.1287112101;0.0400000000,0.0400000000;0.3179098069,0.7313884422;0.3532777530,0.4394008431;0.4548731954,0.4719517611;0.5343891796,0.4845381901;0.4473942920,0.3519108048;0.2273417549,0.3863690642
hajos-314159-465|31|0,1;0,2;0,3;0,4;0,5;0,6;0,10;0,11;0,13;1,5;1,11;2,3;2,13;3,4;4,5;6,8;6,9;6,10;6,12;6,13;6,23;7,8;7,12;7,18;7,20;8,9;9,10;11,12;14,15;14,17;14,18;14,19;14,29;14,30;15,16;15,19;16,17;16,26;17,18;18,22;19,20;20,21;20,22;20,23;20,24;20,25;21,22;21,25;23,24;24,25;26,27;26,28;26,29;26,30;27,28;27,30;28,29|0.8107519916,0.3610959205;0.8235719380,0.0400000000;0.9600000000,0.5816756050;0.9600000000,0.3965555885;0.9600000000,0.2078346360;0.9600000000,0.0711524170;0.4953659345,0.7152215803;0.3629019362,0.2116045706;0.5715959320,0.4321284538;0.6162997592,0.5699441522;0.6917925586,0.4901791017;0.5381896890,0.0871870839;0.0400000000,0.2062172867;0.8488981112,0.6996871167;0.1748065817,0.3464524671;0.3597365689,0.3192982494;0.2964126255,0.2163925412;0.0679045828,0.2172698119;0.0493185363,0.2142805082;0.3019557926,0.4540613123;0.4013465176,0.5119973947;0.3748473045,0.5786808161;0.2409004184,0.4284765704;0.5066786576,0.6589015047;0.4776806434,0.6927666586;0.4354584419,0.6464679461;0.1752349844,0.2202235682;0.1406600664,0.2906468480;0.1202226017,0.2353344498;0.0874256259,0.2358211294;0.2365075357,0.2300421258
zhou-g3-314159-467|23|0,1;0,3;0,22;1,2;1,3;1,4;1,7;1,8;1,22;2,3;2,4;4,5;4,6;4,8;5,6;5,8;6,9;7,13;7,19;7,22;9,10;9,11;9,12;9,13;9,14;9,18;9,19;9,21;10,11;10,21;11,12;12,13;14,15;14,16;14,17;14,18;14,20;14,21;15,16;15,20;16,17;17,18;19,20|0.2229093765,0.0400000000;0.2496976538,0.1736028399;0.0400000000,0.1331782704;0.0400000000,0.0400000000;0.0400000000,0.3855223823;0.0935755654,0.5233896693;0.1450043434,0.6800085861;0.6303464139,0.3572269704;0.1021206022,0.3352028161;0.5438973416,0.6701241551;0.6925617944,0.5521577918;0.6567396154,0.4539143425;0.5184923212,0.4596528762;0.4850161654,0.3487853306;0.7761745231,0.7908196794;0.8174793910,0.9286675243;0.7851192839,0.8990774059;0.7314466458,0.8484378853;0.6522152498,0.7698646953;0.8412012401,0.9600000000;0.8350717563,0.9493182612;0.7304983852,0.6591794350;0.4692029790,0.0400000000
hajos-314159-471|32|0,1;0,2;0,3;0,4;0,5;0,7;0,8;0,9;0,20;0,23;1,2;1,9;2,3;3,4;4,5;5,6;6,7;6,24;7,8;8,9;10,11;10,12;10,13;10,14;10,15;10,16;10,17;10,18;10,19;11,12;11,19;12,26;12,30;13,14;13,25;14,15;15,16;16,17;17,18;18,19;20,21;20,22;20,23;20,24;20,25;20,29;20,30;20,31;21,24;21,30;22,23;22,31;25,26;25,27;25,28;25,29;25,31;26,27;27,28;28,29|0.4662863091,0.0907997653;0.6485127713,0.0740676031;0.5873365275,0.0811656157;0.4756152884,0.0901088489;0.5375521498,0.0860650940;0.7594787918,0.0734359501;0.9600000000,0.0400000000;0.8673859982,0.0400000000;0.8098466483,0.0495434156;0.7066093711,0.0653026722;0.2397400646,0.9386224059;0.4268666856,0.9600000000;0.5795740744,0.9600000000;0.2504529347,0.7482033218;0.0400000000,0.8030036154;0.0400000000,0.9600000000;0.0585397443,0.9600000000;0.1026561285,0.9600000000;0.1831248618,0.9600000000;0.3233568874,0.9600000000;0.6656731314,0.4276134497;0.9600000000,0.4905706150;0.3820971691,0.3928611658;0.3751223371,0.2586797909;0.9600000000,0.2926561349;0.5885949517,0.6979221528;0.6366082743,0.9046706153;0.7149208934,0.8376883335;0.7978651582,0.7654543819;0.7818140622,0.6224803881;0.8731182496,0.7054514216;0.4788190150,0.5218082399
zhou-g3-314159-487|17|0,1;0,3;0,5;0,6;0,11;1,2;1,5;2,3;2,7;2,8;3,4;4,5;4,16;5,9;5,10;5,11;5,12;5,13;5,14;5,15;5,16;6,7;6,8;7,8;9,10;9,15;10,11;12,13;12,16;13,14;14,15|0.3142114937,0.4816943186;0.4596629799,0.6213711643;0.2571354295,0.8616188390;0.0752476922,0.8899217018;0.5265296753,0.8419131220;0.7128883122,0.4347469528;0.2310360499,0.6339500976;0.1630562088,0.7729819042;0.1067301338,0.8502078708;0.8570984871,0.0400000000;0.6443395823,0.0420668207;0.4536305661,0.1865007067;0.9600000000,0.7392435577;0.9600000000,0.5643218610;0.9600000000,0.3595116332;0.9600000000,0.1707994487;0.7988485788,0.8214415362
zhou-g3-314159-493|33|0,1;0,2;0,3;0,4;0,5;1,2;1,5;2,3;3,4;4,8;4,9;5,6;6,7;6,8;6,9;6,10;6,11;6,12;6,19;6,23;6,24;6,32;7,8;7,12;9,10;10,11;11,32;12,22;13,14;13,15;13,16;13,17;13,18;14,15;14,18;15,16;16,17;17,21;17,22;18,19;19,20;19,21;19,22;19,23;19,31;20,21;20,24;23,32;24,25;24,26;25,26;25,27;25,28;25,29;25,30;25,31;26,27;27,28;28,29;29,30;30,31|0.0417441666,0.0962992402;0.0459759614,0.2080784689;0.0512141243,0.1348016275;0.0429213392,0.0541775964;0.0400000000,0.0400000000;0.0439652181,0.3426731453;0.2690275423,0.5152469666;0.2751252683,0.2192081739;0.1224482964,0.2709176013;0.0400000000,0.4395271862;0.0400000000,0.6823440406;0.0752229393,0.8267872018;0.5197001300,0.1604547552;0.8878112593,0.2360092823;0.9168112638,0.2056180514;0.9514323356,0.1590279052;0.9249174354,0.1546293978;0.8545578170,0.1543731090;0.7962860913,0.3661389222;0.6981012045,0.4999469276;0.6877191795,0.2229292485;0.8285819082,0.3013173420;0.9600000000,0.1494050969;0.4484056371,0.7732071916;0.4446222376,0.2995543895;0.5345864275,0.4110416388;0.5843256356,0.2661026457;0.6826774587,0.3957988504;0.6539582471,0.4959103722;0.5760739277,0.4993161866;0.4759622961,0.5007841599;0.4197269067,0.5066497046;0.2373576377,0.8621690322
zhou-g3-314159-496|39|0,1;0,2;0,3;0,4;0,5;1,2;1,5;2,28;3,4;3,10;3,16;4,5;6,7;6,8;6,9;6,10;6,11;6,15;6,16;6,18;6,30;6,31;7,8;7,18;8,9;9,20;9,21;10,19;11,12;11,13;11,14;11,15;11,17;11,18;12,13;12,17;13,14;14,15;16,17;19,20;19,21;20,21;22,23;22,24;22,25;22,26;22,27;22,28;22,31;22,32;22,34;23,27;23,32;24,25;24,34;25,26;26,27;28,29;28,30;28,31;28,33;28,34;28,35;28,36;28,37;28,38;29,33;29,38;30,36;32,33;35,37;35,38;36,37|0.2624893967,0.1307961454;0.3380334775,0.0638195304;0.4117995925,0.0925396163;0.2823175139,0.0400000000;0.2766633634,0.0765465868;0.2974553984,0.0473847445;0.5148034858,0.6743024714;0.5142754600,0.9600000000;0.6461479968,0.9600000000;0.7877122634,0.9435421552;0.8101319139,0.2420036416;0.1913870222,0.8386207721;0.0759442495,0.6599161804;0.1192397140,0.7202483392;0.1663484282,0.7878945161;0.2704566831,0.7931647310;0.1911217992,0.4092061618;0.0400000000,0.6086159798;0.3644567550,0.9600000000;0.9600000000,0.6542236687;0.9600000000,0.9600000000;0.9566063528,0.8948413685;0.5023711026,0.4297551619;0.5418700794,0.5930468082;0.5549563212,0.3450628684;0.6352482651,0.4506334690;0.5997712197,0.5137639755;0.5374013621,0.5398976056;0.5973917909,0.2115512807;0.7258279609,0.3192154918;0.7823079819,0.2325140030;0.3774265615,0.4199460870;0.5352879691,0.6265650734;0.6774019364,0.3985155794;0.5756784322,0.2710166827;0.7660291157,0.2337182176;0.6892420589,0.2221194916;0.7301727770,0.2280447919;0.7565382001,0.2705912673
hajos-314159-498|38|0,1;0,2;0,3;0,4;0,5;1,2;1,5;2,6;3,4;3,10;3,16;4,5;6,7;6,8;6,9;6,10;6,11;6,15;6,16;6,18;7,8;7,18;8,9;9,25;9,30;9,31;9,33;9,35;9,36;10,32;11,12;11,13;11,14;11,15;11,17;11,18;12,13;12,17;13,14;14,15;16,17;19,20;19,21;19,22;19,23;19,24;20,21;20,24;21,22;21,25;21,28;21,29;21,37;22,37;23,24;23,27;25,26;25,27;25,28;25,29;25,33;25,34;25,36;26,29;26,34;27,36;28,37;30,31;30,35;31,32;32,33;34,35|0.7008775148,0.0739823289;0.8470768744,0.1514310429;0.5631335796,0.0518769504;0.6468184130,0.0400000000;0.7701017041,0.1075109813;0.8255252450,0.1381669139;0.3642012706,0.2633161512;0.0710303362,0.4441066975;0.2273135563,0.4926761631;0.5046804937,0.5550278178;0.8861658226,0.1705549902;0.1111636708,0.2242463704;0.0534887130,0.1604022544;0.0899156942,0.1448453793;0.1520538802,0.1183381342;0.2281749701,0.0888024903;0.3332979787,0.0400000000;0.0400000000,0.1633192191;0.0400000000,0.3352858207;0.7643992183,0.6437055963;0.8162036567,0.6695385909;0.6791407858,0.7947073099;0.6406185257,0.7027294771;0.6660141727,0.5488841124;0.8191657648,0.5636500705;0.6210806457,0.8429430305;0.7588301169,0.7482496818;0.5503466612,0.6454734443;0.6252470131,0.8257742815;0.7169263193,0.7745376387;0.7193814926,0.4561767739;0.8305458263,0.3994687799;0.9600000000,0.5486673946;0.6464527580,0.9080433818;0.8154328946,0.7125352745;0.8298565714,0.4942967192;0.5723697951,0.7169757214;0.6063546999,0.7888355145
hajos-314159-509|25|0,1;0,3;0,4;0,5;0,23;0,24;1,2;1,5;2,6;2,22;3,4;3,10;3,16;4,5;6,7;6,8;6,9;6,10;6,11;6,15;6,16;6,18;7,8;7,18;8,9;9,20;9,21;10,19;11,12;11,13;11,14;11,15;11,17;11,18;12,13;12,17;13,14;14,15;16,17;19,20;19,21;20,21;22,23;22,24;23,24|0.3768210924,0.1147546706;0.5645553263,0.2970719170;0.5820888264,0.5142025676;0.3169153643,0.0400000000;0.3405780218,0.0660545313;0.4359991828,0.1633248792;0.4608932222,0.7440684837;0.4672606476,0.9600000000;0.6303984919,0.9600000000;0.7830664812,0.9600000000;0.6835592516,0.4124983999;0.1057398286,0.8241978470;0.0617645211,0.5786981784;0.0848156330,0.6733557762;0.1084695653,0.7682044820;0.2346784501,0.7872994182;0.2264030948,0.3967385741;0.0400000000,0.4838296987;0.2792917783,0.9600000000;0.9600000000,0.6764694316;0.9600000000,0.9600000000;0.9556054181,0.8739000682;0.4346685002,0.3558038270;0.4652716891,0.2247046934;0.2851214032,0.1911720951
zhou-g3-314159-512|39|0,1;0,2;0,3;0,4;0,5;0,17;0,18;0,22;0,25;1,5;1,21;2,3;2,25;3,4;4,5;6,7;6,8;6,9;6,10;6,11;7,8;7,11;8,9;8,12;8,15;8,16;8,24;9,24;10,11;10,14;12,13;12,14;12,15;12,16;12,17;12,20;12,21;12,23;13,16;13,21;14,23;15,24;17,18;17,19;17,20;17,23;17,37;18,19;19,20;22,25;22,38;25,30;25,32;25,33;25,38;26,27;26,28;26,29;26,30;26,31;27,28;27,31;28,29;29,30;30,34;31,32;32,33;32,34;32,35;32,36;32,37;33,38;34,35;35,36;36,37|0.7890160652,0.1920350325;0.5605129968,0.0400000000;0.9600000000,0.2538824337;0.9600000000,0.0920623265;0.9600000000,0.0400000000;0.8083205253,0.0400000000;0.0423990105,0.8195712389;0.0400000000,0.8825075661;0.0400000000,0.5548936906;0.0463653382,0.7321422930;0.1338998218,0.8466717482;0.0400000000,0.9600000000;0.1513700079,0.2626454403;0.0400000000,0.0400000000;0.1634040434,0.5333905518;0.0814472701,0.4545526091;0.0400000000,0.2416773649;0.4541256357,0.2360099566;0.6062883156,0.0860560562;0.4270733214,0.0439094139;0.2889400341,0.0707067316;0.2120002052,0.0400000000;0.8624660199,0.3689229731;0.2535170720,0.3379185147;0.0504084724,0.6373739895;0.9431616543,0.5395801045;0.9571063054,0.9379066903;0.9500556511,0.8800804012;0.9024169995,0.9449293287;0.8505190586,0.9579908533;0.9600000000,0.9600000000;0.9497991889,0.8019586996;0.7563183816,0.7539732624;0.8756777213,0.6069308306;0.7525432444,0.9600000000;0.6240659060,0.9600000000;0.5744147693,0.8179048525;0.5663280706,0.5701259378;0.9040623550,0.4743001667
hajos-314159-517|34|0,1;0,2;0,3;0,4;0,5;0,6;0,7;0,8;0,9;1,2;1,9;2,17;2,21;3,4;3,16;4,5;5,6;6,7;7,8;8,9;10,11;10,12;10,13;10,14;10,15;10,16;10,20;10,21;10,22;10,23;10,24;10,25;10,26;11,15;11,21;12,13;12,22;13,14;14,15;16,18;16,19;16,20;16,26;16,31;17,18;17,27;17,32;18,19;19,20;22,24;23,24;23,25;25,26;27,28;27,29;27,30;27,31;27,32;27,33;28,29;28,33;29,30;30,31;32,33|0.1606439835,0.1692481635;0.0400000000,0.3176640055;0.0906662965,0.5265368886;0.4834832213,0.0990730383;0.3308659251,0.0400000000;0.2123184155,0.0400000000;0.1161296902,0.0400000000;0.0611947648,0.0400000000;0.0400000000,0.0400000000;0.0400000000,0.1568766757;0.7710978911,0.8002784926;0.5121904331,0.9600000000;0.9235508411,0.9600000000;0.8474410309,0.9600000000;0.7429876875,0.9600000000;0.6289492811,0.9600000000;0.7123463774,0.4266810330;0.2102725508,0.6457416765;0.5138776248,0.5990678971;0.7027445412,0.5292850738;0.7380603995,0.6271442862;0.3745330498,0.8270068482;0.9600000000,0.9600000000;0.9600000000,0.7959097650;0.9600000000,0.8930568871;0.9600000000,0.6785552413;0.9600000000,0.5457054048;0.3547287144,0.4050537978;0.3964399965,0.4869048380;0.4886635800,0.3393114325;0.5717204678,0.2636530269;0.5526089918,0.2081681325;0.2372530643,0.6150222847;0.2866285868,0.5581829807
hajos-314159-525|24|0,1;0,3;0,5;0,6;0,11;1,2;1,5;2,3;2,7;2,8;3,21;4,5;4,16;4,17;4,18;4,19;4,20;4,22;4,23;5,9;5,10;5,11;5,12;5,13;5,14;5,15;5,16;6,7;6,8;7,8;9,10;9,15;10,11;12,13;12,16;13,14;14,15;17,18;17,23;18,19;19,20;20,21;21,22;22,23|0.3793245264,0.2131200895;0.4843015404,0.2998293443;0.2149911762,0.4356455379;0.0400000000,0.5151954924;0.4525204357,0.7478909955;0.7411434779,0.3257975574;0.2339553888,0.3452499271;0.2857812407,0.3098079276;0.1150457544,0.4531234928;0.9600000000,0.0400000000;0.8021594949,0.0400000000;0.6087640418,0.0400000000;0.9600000000,0.5666106392;0.9600000000,0.4139898356;0.9600000000,0.2584723926;0.9600000000,0.1291915622;0.7771761057,0.6499420457;0.2565632633,0.9219202330;0.3488276404,0.9405839118;0.4281020591,0.9117400236;0.4260663899,0.9600000000;0.0400000000,0.8862690451;0.0980619297,0.7984635585;0.1595905638,0.9013242261
zhou-g3-314159-537|39|0,2;0,3;0,4;0,5;0,38;1,2;1,5;1,30;2,3;3,4;4,5;5,6;5,28;5,31;5,38;6,8;6,9;6,10;6,11;6,28;6,29;6,30;7,8;7,11;7,31;8,12;9,10;9,16;9,22;10,11;12,13;12,14;12,15;12,16;12,17;12,21;12,22;12,24;13,14;13,24;14,15;15,26;15,27;16,25;17,18;17,19;17,21;17,23;17,24;17,37;18,19;18,23;19,20;19,32;19,33;19,34;19,35;19,36;19,37;20,21;20,34;22,23;25,26;25,27;26,27;28,29;29,30;31,38;32,33;32,36;33,34;35,36;35,37|0.4807517942,0.1264783234;0.6193893605,0.1497670873;0.5717077057,0.1208369053;0.5308266104,0.1257198451;0.5056635606,0.1605256331;0.5651439147,0.2588475571;0.7202260827,0.2056763794;0.4260153343,0.3363518737;0.6853720050,0.4688161634;0.5000605734,0.0400000000;0.5130823151,0.0525324742;0.4930340835,0.0730333065;0.7019397768,0.7294628848;0.8399115886,0.9600000000;0.9600000000,0.9600000000;0.9600000000,0.8433984152;0.8453432845,0.2974596980;0.4002286868,0.9323444003;0.1292371719,0.7628451387;0.2317594159,0.8226949967;0.1637480712,0.6694131018;0.4531244292,0.7711503080;0.3787179843,0.4884083357;0.0814760777,0.7342036031;0.6687904537,0.9600000000;0.9600000000,0.5035258247;0.9600000000,0.7226682683;0.9576717801,0.6624361987;0.6696373991,0.2203943131;0.6631973084,0.1783661560;0.7009165286,0.1950165155;0.4896889211,0.3619548652;0.2853185990,0.8272927790;0.2097580783,0.7508377875;0.1784365022,0.6934341910;0.3265135761,0.8757681298;0.4082026464,0.8846746561;0.3685738362,0.9073138759;0.4487838844,0.2580484704
zhou-g3-314159-541|21|0,4;0,5;0,6;0,12;0,20;1,2;1,5;1,10;2,3;2,7;2,8;3,4;3,15;4,5;4,13;4,14;4,15;4,20;5,9;5,10;5,11;5,12;6,7;6,8;7,8;9,11;9,12;10,11;13,14;13,16;13,17;13,18;13,19;13,20;14,19;15,16;16,17;17,18;18,19|0.3726775478,0.2865129406;0.1898819396,0.7953422047;0.2541789844,0.9600000000;0.5716219592,0.9295423978;0.6421521337,0.5487042712;0.3240847628,0.5376893543;0.0400000000,0.6674389137;0.0461563188,0.9034566291;0.0400000000,0.9600000000;0.2603888295,0.4210726717;0.0933694926,0.6220309816;0.1640409083,0.5321647904;0.3327769757,0.3395391825;0.9463856522,0.3896610473;0.8340203706,0.4593465086;0.7971892298,0.8982754922;0.9600000000,0.7639161591;0.9521285966,0.6601259914;0.9434850455,0.5521215385;0.9357416225,0.4433494653;0.6888245970,0.2208129243
zhou-g3-314159-542|21|0,1;0,2;0,4;0,5;0,6;1,2;1,5;2,3;3,4;3,10;3,11;4,5;6,7;6,8;6,9;6,10;6,11;6,12;6,13;6,14;6,15;6,18;6,19;6,20;7,8;7,14;8,20;9,10;9,15;11,12;12,13;13,14;15,16;15,17;15,19;16,17;16,19;17,18;18,20|0.2165575442,0.3205954741;0.1732846184,0.1095872005;0.2474229648,0.1643619934;0.1057455538,0.0400000000;0.0883141256,0.1931849150;0.1083115492,0.0850289993;0.3652136548,0.7057172167;0.1818752673,0.9600000000;0.3344724276,0.9600000000;0.6455139396,0.4948883404;0.4355711989,0.3150944335;0.0517189497,0.4349487615;0.0400000000,0.6550121278;0.0400000000,0.8221995084;0.0400000000,0.9600000000;0.7949914962,0.7160721421;0.9144778081,0.9067247697;0.9600000000,0.9600000000;0.6743359972,0.9600000000;0.7189245865,0.8176040703;0.4963471569,0.9600000000
zhou-g3-314159-561|40|0,1;0,3;0,4;0,5;0,28;0,36;0,37;0,38;0,39;1,2;1,9;1,16;1,22;1,23;1,24;1,25;1,28;1,29;1,31;1,38;2,3;2,22;3,4;4,5;5,39;6,7;6,8;6,9;6,10;6,11;6,12;6,13;6,14;6,15;7,8;7,15;8,22;8,26;9,10;10,11;11,12;12,13;13,14;14,15;16,17;16,18;16,19;16,20;16,21;16,25;16,26;16,27;17,21;17,26;18,19;18,27;19,20;20,21;23,24;23,28;24,25;27,30;29,30;29,31;29,32;29,33;29,34;29,35;30,35;31,32;32,33;33,34;34,35;36,37;36,38;37,39|0.4872584644,0.2738585845;0.2655906197,0.2477012725;0.4396879432,0.1635909438;0.6584638380,0.1685321112;0.6185994109,0.1864259524;0.5556523879,0.1718468839;0.9600000000,0.0559114102;0.9088497845,0.2442681560;0.8879391132,0.3344145898;0.6566335091,0.0400000000;0.8886257512,0.0527090039;0.8519907755,0.0519079513;0.8095515369,0.0527223348;0.9459308163,0.0709938176;0.9222926652,0.1731947207;0.9370733363,0.1356871586;0.6310770767,0.7388439376;0.9248031251,0.8413601981;0.5732090327,0.9600000000;0.6926965690,0.9600000000;0.7963041329,0.9600000000;0.8925429564,0.9600000000;0.5736564947,0.0955760534;0.2690888679,0.2519743716;0.3205423419,0.3173333838;0.4595297913,0.5013615902;0.9140719189,0.6536506355;0.4315719089,0.9600000000;0.3735187743,0.3747802959;0.1079787851,0.7028359681;0.2000224913,0.9600000000;0.0400000000,0.5036263335;0.0400000000,0.7191283229;0.0400000000,0.8644780570;0.0400000000,0.9600000000;0.0818874007,0.9600000000;0.4359854407,0.2529845829;0.3760503158,0.1988873195;0.3208488003,0.2279082006;0.4832851713,0.1677583439
zhou-g3-314159-564|35|0,1;0,2;0,4;0,5;0,34;1,2;1,5;2,3;2,7;2,22;2,23;2,24;2,25;2,26;2,30;2,31;2,32;2,34;3,4;3,22;4,5;6,7;6,9;6,10;6,11;6,33;7,8;7,11;7,15;7,27;7,28;7,29;7,30;7,32;7,33;8,9;8,27;9,10;10,11;12,13;12,14;12,15;12,16;12,17;12,18;12,19;12,20;12,21;13,14;13,21;14,27;14,31;15,16;16,17;17,18;18,19;19,20;20,21;22,31;23,24;23,32;24,25;25,26;26,34;28,29;28,33;29,30|0.7967929348,0.0400000000;0.8647213872,0.0505037819;0.6194002251,0.1860807739;0.9600000000,0.1708993490;0.9600000000,0.0400000000;0.9390981242,0.0433262939;0.6286388585,0.6914106788;0.4931820123,0.4867607038;0.3962191394,0.6773916622;0.4990058845,0.8151216552;0.5479391162,0.7641510512;0.5549341687,0.6582563053;0.1678383021,0.8711489053;0.3479517931,0.9600000000;0.4596894048,0.8553608235;0.1392474551,0.6199829346;0.0400000000,0.7768023691;0.0400000000,0.9600000000;0.0528358882,0.9600000000;0.0838524906,0.9600000000;0.1392747692,0.9600000000;0.2388457955,0.9600000000;0.9301703608,0.3199084067;0.2830902368,0.1013934230;0.3004101127,0.0400000000;0.4026337766,0.0400000000;0.5095346918,0.0400000000;0.3089248182,0.6584896373;0.7475695802,0.4900022509;0.6961680428,0.3927386871;0.5900020252,0.3167569978;0.7881324144,0.5439682217;0.3657211595,0.2353324991;0.7171098209,0.6049485942;0.6476512939,0.0400000000
hajos-314159-566|31|0,1;0,2;0,3;0,4;0,5;1,2;1,5;2,3;3,4;4,9;4,26;5,6;6,7;6,8;6,9;6,10;6,11;6,12;6,13;6,14;6,15;6,18;7,8;7,12;8,25;8,30;9,10;10,18;11,12;11,15;13,14;13,16;13,17;13,18;14,17;15,16;16,17;19,20;19,21;19,22;19,23;19,24;20,21;20,24;21,22;22,23;23,26;23,27;24,25;25,26;25,27;25,28;25,29;25,30;27,28;28,29;29,30|0.5670049681,0.1119826686;0.6073835363,0.1879337503;0.4774195106,0.1107589525;0.3985359500,0.0936784725;0.4610491361,0.0400000000;0.7087995713,0.3371123257;0.8139499297,0.6620701454;0.6827921532,0.9534628675;0.4881118627,0.8615291903;0.7947764157,0.2531530179;0.9600000000,0.3540513517;0.9600000000,0.9600000000;0.8243080831,0.9600000000;0.9600000000,0.6217346472;0.9521545836,0.6987358098;0.9600000000,0.9185222129;0.9600000000,0.8504006247;0.9570174789,0.7796321835;0.9600000000,0.4707589499;0.1173034123,0.4024366914;0.1392903250,0.3372264481;0.0963336364,0.4335642148;0.0682053273,0.5002014396;0.0400000000,0.5640001985;0.1123514456,0.5845896596;0.1804192123,0.7499357733;0.1595928801,0.2826111260;0.0400000000,0.8172301369;0.0400000000,0.9600000000;0.1106660213,0.9600000000;0.2661799862,0.9600000000
hajos-314159-569|36|0,2;0,4;0,5;0,6;0,10;0,11;0,13;0,14;0,29;0,32;1,5;1,11;1,17;2,3;2,13;3,4;3,23;4,5;5,14;5,15;5,16;5,17;6,7;6,8;6,9;6,10;6,12;6,13;7,8;7,12;8,9;9,18;9,20;10,19;11,12;14,15;15,16;16,17;18,19;18,20;18,21;18,22;19,22;20,21;21,22;23,24;23,25;23,26;23,27;23,28;23,29;23,33;23,35;24,28;24,33;25,26;25,35;26,27;27,28;29,30;29,31;29,32;29,34;29,35;30,31;30,34;31,32;33,34|0.2117202392,0.1969184275;0.3192200089,0.7512688443;0.4908782910,0.3674269080;0.4469400349,0.6203138879;0.1871557362,0.4845393619;0.1667602647,0.6083401031;0.6893292558,0.4543652533;0.8414970970,0.7348257476;0.9600000000,0.5957618145;0.9600000000,0.3901162496;0.6397066990,0.1201975173;0.1421114768,0.7359814918;0.5757045051,0.7797766951;0.5545411731,0.3858498429;0.1687417302,0.5373778534;0.1467029053,0.7095709320;0.1783994886,0.7365594497;0.2506267959,0.7428366724;0.9600000000,0.2066965178;0.9600000000,0.0400000000;0.9432317720,0.1662735159;0.9181132850,0.0538672776;0.9579969980,0.0704885662;0.3292053759,0.4933679019;0.3686032935,0.3285633172;0.2592235408,0.3562125940;0.2952968492,0.4142657923;0.3457111710,0.3837818813;0.3388212430,0.4452115708;0.2080581996,0.2808604369;0.2462774182,0.2209308354;0.2182940067,0.2288437968;0.2188319837,0.2053132549;0.3797757866,0.3015555609;0.2915751382,0.2488868374;0.2310218423,0.3156083925
zhou-g3-314159-590|30|0,1;0,3;0,4;0,6;0,29;1,2;1,5;2,3;2,7;2,8;3,4;4,5;4,9;4,10;4,15;4,29;5,11;6,7;6,8;7,8;9,10;9,11;9,13;9,14;9,15;9,20;10,29;11,12;12,13;12,16;12,26;13,14;14,15;16,17;16,18;16,19;16,20;16,21;16,25;16,26;16,28;17,18;17,28;18,19;19,20;21,22;21,23;21,24;21,25;21,27;21,28;22,23;22,27;23,24;24,25;26,27|0.7088253095,0.1149870415;0.9503554085,0.0457148063;0.8943827997,0.1256320974;0.7674002492,0.1150469793;0.6064359000,0.1644765697;0.8485368970,0.2077656268;0.8375780394,0.0819110093;0.9305265667,0.0555456359;0.8989677324,0.0700501077;0.4120343660,0.1983072546;0.4599718713,0.1859812958;0.9600000000,0.0400000000;0.6734198621,0.4955409675;0.4063907253,0.4587924608;0.4127304695,0.3652226877;0.4221818808,0.2722411099;0.3650066626,0.8031188706;0.1620494004,0.9600000000;0.0400000000,0.9566706176;0.0469364823,0.7736093513;0.1705037157,0.5410797541;0.6627673202,0.9600000000;0.9258374566,0.9566889665;0.8623422542,0.9508587052;0.7638204813,0.9459612095;0.5673221805,0.9046063714;0.7045165092,0.7745890174;0.9600000000,0.9600000000;0.3600162834,0.9600000000;0.5364312874,0.1643267545
zhou-g3-314159-591|38|0,1;0,2;0,3;0,4;0,6;0,7;0,9;0,20;0,22;0,23;0,37;1,3;1,4;2,3;2,20;4,7;4,8;4,16;5,6;5,8;5,19;6,9;6,10;6,14;6,15;6,19;7,8;9,37;10,11;10,12;10,13;10,14;10,15;10,16;10,17;10,18;11,12;11,18;12,13;13,14;15,19;16,17;17,18;20,23;20,24;20,25;20,29;20,30;20,32;20,33;21,24;21,30;21,36;22,32;22,37;23,24;24,33;24,34;24,35;24,36;25,26;25,27;25,28;25,29;25,31;25,32;26,27;26,31;27,28;28,29;30,31;33,34;34,35;35,36|0.4435598408,0.2785170612;0.3197251616,0.0400000000;0.6839207327,0.0948130890;0.4930800188,0.0400000000;0.1483733172,0.1220723750;0.0936050234,0.3118875540;0.1730121543,0.5302656282;0.2156545463,0.1623882025;0.1356093127,0.1705834739;0.3046551530,0.4232813146;0.0478180192,0.7690486124;0.0400000000,0.9384637969;0.0400000000,0.9600000000;0.1363218013,0.9600000000;0.1707690402,0.8247050278;0.0475784369,0.5937132940;0.0400000000,0.4767399816;0.0400000000,0.6940137454;0.0400000000,0.8776832188;0.0605920890,0.4188162826;0.8502879815,0.3851133870;0.7476060888,0.5207405104;0.5928669885,0.6019409804;0.6147749992,0.3268403355;0.7286719288,0.3593233617;0.9099536677,0.7123213242;0.8389729860,0.7026157301;0.8898278175,0.7061082901;0.8958944301,0.6648917409;0.8860317234,0.5993850250;0.8702068868,0.5502551600;0.7845904923,0.6985895501;0.9228969641,0.7778494323;0.7785599453,0.3711525637;0.8174387361,0.3861838590;0.8498314776,0.4275817148;0.8541547869,0.4833557413;0.4273382993,0.4876902592
zhou-g3-314159-612|39|0,1;0,2;0,4;0,5;0,6;0,7;0,12;1,2;1,7;2,3;3,4;3,8;3,18;3,21;3,23;3,24;3,25;3,26;3,27;3,28;3,29;3,30;3,38;4,5;5,6;6,7;8,9;8,10;8,11;8,12;8,13;8,17;8,18;8,20;9,10;9,20;10,11;11,12;13,14;13,15;13,16;13,17;13,19;13,20;14,15;14,19;15,16;16,17;18,30;19,23;21,22;21,29;22,23;22,31;23,31;23,32;23,33;23,34;23,35;23,36;23,37;23,38;24,25;24,30;25,26;26,27;27,28;28,29;31,37;32,33;32,38;33,34;34,35;35,36;36,37|0.3896770198,0.4327423548;0.3540526626,0.3677587154;0.3334222057,0.3119214283;0.2534059719,0.6840148903;0.3759954037,0.6309262889;0.2922331756,0.5615754083;0.3050645749,0.4694874327;0.3290041178,0.3443405952;0.3623288594,0.1629179218;0.5709222545,0.1434368790;0.5035635774,0.1552227469;0.4312333578,0.1653968000;0.3565074839,0.2106012488;0.7743972091,0.1084243944;0.9600000000,0.1454068900;0.9600000000,0.0400000000;0.8855084423,0.0400000000;0.6560325560,0.0400000000;0.0895552198,0.3831597456;0.9051738529,0.3549669424;0.6464340787,0.1296189262;0.4881787571,0.9600000000;0.8769191835,0.9600000000;0.6846519048,0.6720853154;0.0400000000,0.7084309394;0.0400000000,0.8129998306;0.0400000000,0.8958222363;0.0400000000,0.9600000000;0.1377875638,0.9600000000;0.2712494712,0.9600000000;0.0400000000,0.5656757411;0.8039582872,0.8532320147;0.6393521954,0.9496942022;0.7484238399,0.9556663490;0.8443535819,0.9556218964;0.8260965274,0.8945264791;0.6947830687,0.6878617578;0.7517944862,0.7750299765;0.4943698878,0.8398879054
zhou-g3-314159-617|37|0,1;0,2;0,4;0,5;0,6;0,7;0,10;0,19;0,20;0,21;0,23;0,24;0,25;0,26;1,2;1,5;2,3;3,4;3,22;4,5;6,8;6,9;6,10;6,11;6,15;6,16;6,18;6,19;6,27;6,28;6,29;6,36;7,16;7,22;8,9;8,27;9,10;11,12;11,13;11,14;11,15;11,17;11,18;12,13;12,17;13,14;14,15;16,17;18,36;19,20;20,26;21,22;21,24;23,24;23,25;25,26;27,29;27,30;27,31;27,32;27,33;27,34;27,35;28,35;28,36;29,30;30,31;31,32;32,33;33,34;34,35|0.1930130371,0.1389786317;0.1118320870,0.3411417921;0.0871183220,0.3969932953;0.0575366927,0.4698351797;0.1511899228,0.2615948620;0.1335008188,0.2940509348;0.6076130154,0.2990158909;0.0400000000,0.5068828413;0.9198500018,0.2580368650;0.7917882264,0.0623340288;0.5451078074,0.0400000000;0.3779983187,0.7431885521;0.1634974813,0.9393575012;0.1942767242,0.8982359114;0.2657763013,0.8217951897;0.4348571442,0.6100115553;0.2769476121,0.6233934070;0.1466968007,0.9600000000;0.5827160803,0.5828680912;0.3528453537,0.2016791306;0.2860376812,0.1766095894;0.1866612365,0.3833069729;0.0902399336,0.5290383279;0.2062316288,0.1635878626;0.1986635379,0.2225706877;0.3893944557,0.2225231593;0.2421387902,0.1596488736;0.9512154344,0.5881213923;0.7848148951,0.6360464075;0.8136754943,0.4759052879;0.9110495832,0.5649598890;0.9410885867,0.6791882572;0.9448324784,0.7567956558;0.9503897844,0.8192759650;0.9562043558,0.8728861315;0.9600000000,0.9100585526;0.6957670128,0.4935300069
zhou-g3-314159-618|35|0,1;0,2;0,4;0,5;0,6;0,7;0,8;0,9;0,13;0,14;1,2;1,9;2,3;3,4;3,10;4,5;5,6;6,7;7,8;8,9;10,12;10,13;10,14;10,15;10,19;10,20;10,22;10,23;11,14;11,20;11,26;12,13;12,22;14,23;14,24;14,25;14,26;14,27;14,28;14,30;14,31;15,16;15,17;15,18;15,19;15,21;15,22;16,17;16,21;17,18;18,19;20,21;23,24;24,30;25,26;25,28;27,28;27,29;29,30;29,34;30,31;30,32;30,33;30,34;31,33;32,33;32,34|0.5605618199,0.5161404111;0.5974658181,0.3625101221;0.6210909437,0.2918148625;0.4349296051,0.2076936428;0.4353177452,0.3052814851;0.4565675293,0.3338819807;0.4885203947,0.3776339947;0.5236588751,0.4334868148;0.5709996466,0.4375234520;0.5654429773,0.4879097561;0.4312375667,0.1717675306;0.8408216590,0.5209595830;0.5192955918,0.1599493801;0.6527356100,0.2280413739;0.4440130653,0.6966675820;0.7697346261,0.1003240670;0.9298034426,0.0921049261;0.9241260026,0.0584318982;0.8493146151,0.0760256362;0.6699131223,0.1175825629;0.9428509674,0.0535591310;0.9173068286,0.1583772358;0.6055352896,0.1386298030;0.2071957971,0.4586381988;0.1247246903,0.6548253483;0.6577536324,0.9600000000;0.7637841083,0.8077672419;0.3365087489,0.9600000000;0.5098376491,0.9600000000;0.0400000000,0.9600000000;0.1406778576,0.8389483788;0.2615240906,0.9394163131;0.0840971174,0.9578373397;0.1482751819,0.9571788541;0.0515644064,0.9499393574
zhou-g3-314159-619|22|0,2;0,3;0,4;0,5;0,6;0,10;0,11;0,13;0,14;0,18;0,19;0,20;0,21;1,5;1,17;1,20;2,3;2,13;3,4;4,5;5,14;5,15;5,16;5,17;6,7;6,8;6,9;6,10;6,12;6,13;7,8;7,12;8,9;9,10;11,12;11,21;14,15;15,16;16,17;18,19;18,21;19,20|0.4679230708,0.3714063723;0.0400000000,0.0400000000;0.4262711804,0.7716860941;0.2578076671,0.7115597965;0.1373151879,0.5594423887;0.0839417691,0.2943341508;0.8114986377,0.5476445688;0.9262004161,0.3114424016;0.8803705292,0.3906842141;0.8308663527,0.4761496105;0.6910409313,0.4744182069;0.8075977641,0.1366742016;0.9600000000,0.2526530722;0.6159800660,0.7299593733;0.2185435963,0.2748020988;0.1347262860,0.0554698470;0.0691623592,0.1619400933;0.0497371263,0.0791026241;0.5834841367,0.0400000000;0.4531270520,0.0400000000;0.3014351530,0.0400000000;0.7101450681,0.0400000000
zhou-g3-314159-649|39|0,1;0,2;0,4;0,5;0,6;0,7;0,8;0,9;0,13;0,14;1,2;1,9;2,3;3,4;3,10;4,5;5,6;6,7;7,8;8,9;10,12;10,13;10,14;10,15;10,19;10,20;10,22;10,23;11,14;11,20;11,26;12,13;12,22;14,23;14,24;14,25;14,26;14,27;14,28;14,29;14,30;15,16;15,17;15,18;15,19;15,21;15,22;16,17;16,21;17,36;18,19;18,38;19,31;19,32;19,33;19,34;19,35;19,36;19,37;19,38;20,21;23,24;24,30;25,26;25,28;27,28;27,29;29,30;31,32;31,37;32,33;33,34;34,35;35,36;37,38|0.4162480851,0.6383880099;0.3451730201,0.5070384495;0.3897209985,0.4688877695;0.3566555782,0.4243712493;0.2927461013,0.7292531506;0.3177903723,0.7083970909;0.3071694567,0.6798153634;0.3161494305,0.6355361688;0.3282134641,0.5740749967;0.3842538710,0.5908766848;0.3923683532,0.2479010981;0.7043904176,0.5515059867;0.4277114760,0.2578332456;0.3810291469,0.3513721462;0.2814368600,0.7663743229;0.6894307837,0.2527396749;0.8706474443,0.2062574265;0.9507030343,0.0512360820;0.6975257603,0.1955784306;0.7028011658,0.1381458618;0.9577943750,0.0453496435;0.8408111166,0.2738523883;0.5105447046,0.2539464793;0.0959460328,0.5037050630;0.0400000000,0.7356268065;0.4116963938,0.9600000000;0.5824739106,0.8684060495;0.1119229732,0.9600000000;0.2350612453,0.9600000000;0.0400000000,0.9600000000;0.0400000000,0.8874155763;0.7778568770,0.1244749637;0.8978848302,0.0889562140;0.8323026374,0.0979750525;0.9193202437,0.0665705596;0.8609065603,0.0824589526;0.9366591069,0.0541704757;0.8284106345,0.1417523471;0.7610029696,0.1912051154
hajos-314159-681|12|0,1;0,3;0,4;0,6;0,10;1,2;1,5;2,3;2,7;2,8;3,4;4,5;5,9;5,11;6,7;6,8;7,8;9,10;9,11;10,11|0.5533473404,0.4980899543;0.9600000000,0.1461828704;0.9502439800,0.3772647302;0.6981642128,0.5837910533;0.6000119092,0.7494730321;0.9600000000,0.6759209247;0.7244431683,0.3590674703;0.9248980963,0.1899959521;0.8549283527,0.2674266276;0.8263602153,0.9503883574;0.5916251771,0.9600000000;0.9600000000,0.9600000000
hajos-314159-682|29|0,1;0,2;0,3;0,4;0,5;1,2;1,5;2,3;2,6;2,9;2,10;2,19;3,19;4,8;4,20;5,26;5,27;6,7;6,8;6,9;6,10;6,11;6,15;6,16;6,18;7,10;7,16;8,18;9,19;11,12;11,13;11,14;11,15;11,17;11,18;12,13;12,17;13,14;14,15;16,17;20,21;20,22;20,23;20,24;20,25;20,26;20,27;20,28;21,22;21,28;22,23;23,24;24,25;25,26;27,28|0.4428128481,0.1302382312;0.4306422526,0.0400000000;0.7599920226,0.1726915623;0.6003335903,0.1553857629;0.3954612545,0.3734913851;0.1305552246,0.1810393429;0.8610116403,0.5343492436;0.9600000000,0.5942224574;0.6196337099,0.5189321436;0.7925733196,0.3065908079;0.9600000000,0.3394976415;0.7956946791,0.8150169477;0.6924114059,0.9426566436;0.7830408166,0.9088533020;0.9067874731,0.8621831564;0.9291491839,0.7603140101;0.9600000000,0.8446277650;0.6534990517,0.9600000000;0.7250782874,0.6665600181;0.7038813254,0.1771378325;0.1422089565,0.4632456917;0.1075590974,0.3250725481;0.0894179789,0.4224728441;0.0677038036,0.5462989789;0.0554490104,0.6150437859;0.0465489070,0.6618964119;0.0400000000,0.6851582734;0.1893198800,0.1797768553;0.1225692127,0.2462153515
hajos-314159-705|28|0,1;0,2;0,3;0,4;0,5;1,5;1,10;1,11;2,3;2,6;3,4;4,5;6,7;6,8;6,9;6,10;6,11;6,12;6,13;6,14;7,8;7,14;8,22;8,26;9,10;9,21;11,12;12,13;13,14;15,16;15,17;15,18;15,19;15,20;15,21;15,25;15,26;15,27;16,20;16,26;17,18;17,27;18,19;19,20;21,22;21,23;21,24;21,25;21,27;22,23;23,24;24,25|0.2312216060,0.0514696513;0.0954184811,0.0400000000;0.4591607010,0.0473059355;0.3106039493,0.0424822487;0.1272938047,0.0404895592;0.1597194759,0.0444679908;0.7351484064,0.2088264796;0.9600000000,0.3242372428;0.8781413839,0.5604712229;0.5636335849,0.4229153062;0.4138067345,0.2121987859;0.5405500475,0.0400000000;0.8035912685,0.0400000000;0.9600000000,0.0400000000;0.9600000000,0.1449892500;0.3142623173,0.9297818032;0.4296158827,0.9600000000;0.0400000000,0.8415895663;0.0400000000,0.9600000000;0.0894865684,0.9600000000;0.1955556507,0.9600000000;0.5347711436,0.7576210726;0.8017645759,0.7123586607;0.7500281583,0.8350248170;0.6504438703,0.9326331582;0.5252196736,0.9313295461;0.7080292074,0.9447920237;0.2261198101,0.7728239514
zhou-g3-314159-706|32|0,1;0,2;0,3;0,4;0,5;1,2;1,5;2,3;3,4;4,8;4,9;5,6;6,7;6,8;6,9;6,10;6,11;6,12;6,13;6,14;6,18;6,31;7,8;7,12;9,10;10,18;11,12;11,15;11,19;11,22;11,26;11,27;11,31;13,14;13,16;13,17;13,18;14,17;15,16;15,23;16,17;19,20;19,21;19,22;19,31;20,21;20,23;21,22;23,24;24,25;24,26;24,27;24,28;24,29;24,30;25,26;25,30;27,28;28,29;29,30|0.8305824270,0.1842906937;0.9274793180,0.2647992314;0.7879644330,0.1402295681;0.6844674240,0.0479109369;0.6756311506,0.0400000000;0.8650080821,0.2892086812;0.6069502550,0.3180662283;0.9211735172,0.4947402636;0.9600000000,0.2905063269;0.5924196867,0.0400000000;0.5083400362,0.0400000000;0.4583911927,0.7324435400;0.7560477693,0.6251305553;0.2700591235,0.1032476782;0.3461332505,0.1766545281;0.0400000000,0.6531440093;0.0400000000,0.2596938541;0.1576661982,0.1829494335;0.4097596620,0.0400000000;0.2783663531,0.4805051604;0.0442072634,0.3657681464;0.0529910571,0.4453429256;0.2197699341,0.5586679625;0.0421348756,0.5550285089;0.2046482143,0.6744599524;0.1270745959,0.6671373948;0.0918995471,0.6607013305;0.4292685948,0.7222156118;0.3882281677,0.7161851385;0.3305472737,0.7059214185;0.2592175547,0.6917041175;0.5167161750,0.5274939883
hajos-314159-707|40|0,1;0,3;0,4;0,5;0,6;0,7;0,23;1,2;1,7;2,3;2,30;3,4;3,18;3,20;3,29;3,30;4,5;5,6;6,7;8,9;8,10;8,11;8,12;8,13;8,14;8,15;8,16;8,17;9,17;9,31;9,32;9,33;9,34;9,35;9,36;9,38;9,39;10,24;10,28;10,37;11,12;11,23;12,13;13,14;14,15;15,16;16,17;18,19;18,20;18,21;18,22;18,23;18,27;18,28;18,29;19,22;19,28;20,21;21,22;23,24;23,25;23,26;23,27;24,25;25,26;26,27;29,30;31,32;31,39;32,33;33,34;34,35;35,36;36,37;37,38;38,39|0.6851601708,0.2449528103;0.7894422050,0.3225763114;0.8122661762,0.5045854566;0.6612536271,0.5063119744;0.6752562490,0.3955228581;0.6862901552,0.3181473982;0.7055329723,0.2734113845;0.7869270070,0.3554444665;0.6305783314,0.1112814594;0.1259512442,0.0587475871;0.4482576255,0.5604821695;0.9600000000,0.1560874752;0.8487009081,0.0753091693;0.9005389615,0.0597192144;0.9415566544,0.0480506037;0.9600000000,0.0400000000;0.6715890178,0.0400000000;0.4060788214,0.0400000000;0.7354252290,0.6638699568;0.5961048670,0.6136466745;0.4922465708,0.5705289931;0.5365424436,0.5902703127;0.6402904823,0.6286827393;0.8798251445,0.3858201082;0.8433862562,0.7062077401;0.8688848090,0.4778858731;0.8755473058,0.4217795513;0.8499414640,0.6294331733;0.6951056061,0.6508630092;0.7491217877,0.6315189900;0.7763236879,0.5782345900;0.0679212415,0.3001777375;0.0919355882,0.2039133150;0.1047883168,0.1508632049;0.1210104348,0.0803826497;0.1112065739,0.1244709994;0.0598423146,0.3536150012;0.1011822292,0.5801334096;0.0400000000,0.4055261534;0.0768476878,0.2597452620
hajos-314159-715|34|0,1;0,3;0,4;0,5;0,6;0,7;0,23;1,7;1,32;1,33;2,3;2,30;2,31;3,4;3,18;3,20;3,29;3,30;4,5;5,6;6,7;8,9;8,10;8,11;8,12;8,13;8,14;8,15;8,16;8,17;9,10;9,17;10,24;10,28;11,12;11,23;12,13;13,14;14,15;15,16;16,17;18,19;18,20;18,21;18,22;18,23;18,27;18,28;18,29;19,22;19,28;20,21;21,22;23,24;23,25;23,26;23,27;24,25;25,26;26,27;29,30;31,32;31,33;32,33|0.0760735173,0.2436732831;0.1980342635,0.2391879067;0.0552233440,0.5454893039;0.0400000000,0.6296503539;0.0590430348,0.4496894796;0.0703863088,0.3607663005;0.0787239036,0.2879739982;0.1168803981,0.2458605869;0.9600000000,0.3987029367;0.8938152879,0.6514561778;0.8791455546,0.7235995867;0.8441323206,0.0600474726;0.8680558653,0.1374826598;0.8871472905,0.2040744267;0.9074843374,0.2738612942;0.9305541599,0.3509607867;0.9284818207,0.4879047781;0.9096432543,0.5748518230;0.3603764291,0.7256708407;0.4898589051,0.9600000000;0.0723943800,0.8923191186;0.1985308471,0.9600000000;0.3421837127,0.9600000000;0.5423837384,0.2177540844;0.7550061337,0.4331642116;0.6472522701,0.3309773622;0.5628245253,0.3099201930;0.5012000902,0.4865012075;0.6507716289,0.9135371021;0.1907232810,0.6708358077;0.0868222140,0.6362487088;0.2073517626,0.3850024236;0.2709516769,0.2420612818;0.3409689521,0.2331140080
zhou-g3-314159-725|8|0,2;0,3;0,4;1,2;1,3;1,7;2,3;2,4;2,5;2,6;2,7;4,5;5,6;6,7|0.3300140671,0.1650245389;0.2463604767,0.8003382175;0.5413909674,0.5155037519;0.1352015655,0.4625918223;0.6835358122,0.1311188968;0.9303413089,0.3871365103;0.8843119742,0.7395213536;0.5798949597,0.9232096065
zhou-g3-314159-727|23|0,1;0,2;0,3;0,4;0,22;1,2;1,5;2,3;3,4;4,8;4,9;4,13;4,15;4,21;4,22;5,6;5,13;6,7;6,8;6,9;6,10;6,11;6,12;7,8;7,12;9,10;10,11;11,12;13,14;13,16;13,18;13,19;13,21;14,15;14,16;15,22;16,17;16,19;16,20;17,18;17,20;18,21;19,20|0.6466835430,0.0400000000;0.9600000000,0.2749654126;0.7858492653,0.1479529586;0.6777043102,0.0822067316;0.4699612803,0.2392552077;0.7490593139,0.6697578142;0.8200351645,0.5280382753;0.6527925809,0.5436764931;0.5514158429,0.5618710073;0.8250867384,0.2464014121;0.8190965965,0.3430263038;0.8127289875,0.4387580339;0.7554253195,0.5237095745;0.3133900694,0.5461100425;0.0400000000,0.6304896271;0.1273476411,0.1784722038;0.0555490510,0.5727027053;0.1088768334,0.2896101926;0.1203873017,0.3783742595;0.1309691970,0.5597102064;0.0794055696,0.4712654998;0.2686340784,0.3080493858;0.3588616210,0.0400000000
zhou-g3-314159-734|35|0,2;0,3;0,4;0,5;0,6;0,10;0,11;0,13;0,14;1,5;1,11;1,17;2,3;2,13;3,4;4,5;5,14;5,15;5,16;5,17;5,18;5,20;5,21;5,34;6,7;6,8;6,9;6,10;6,12;6,13;7,8;7,12;8,9;9,10;11,12;14,15;15,21;16,17;16,19;16,28;16,29;16,33;16,34;18,19;18,20;19,28;20,21;22,23;22,24;22,25;22,26;22,27;23,24;23,27;24,25;25,26;26,29;26,30;27,28;28,30;28,31;28,32;28,33;29,34;30,31;31,32;32,33|0.6530030344,0.0930624207;0.7157655285,0.3395087008;0.7910222071,0.2403890081;0.6711900708,0.2213312693;0.5295443375,0.1796825644;0.3567909826,0.2774451566;0.8379650473,0.0689939246;0.9523040823,0.0435486717;0.9322905465,0.0456220229;0.8875795794,0.0537493699;0.7625817322,0.0757074652;0.9600000000,0.0400000000;0.9213812443,0.0855121310;0.8492354673,0.1705208522;0.3994339642,0.0400000000;0.2327752758,0.0400000000;0.3789156251,0.7046473138;0.5700220658,0.5166527505;0.0400000000,0.3768159739;0.0400000000,0.8195907793;0.0401317711,0.1542945649;0.1074647648,0.0400000000;0.0447712394,0.6262627196;0.0423295469,0.4554947706;0.0503835878,0.4949705645;0.0555341274,0.5605314751;0.1523695067,0.6400293508;0.0412772652,0.7252154349;0.1206160652,0.7905700410;0.3526718957,0.6404295365;0.0768032401,0.7515450423;0.1553396572,0.7692504588;0.2229009358,0.7493822967;0.2931235316,0.7290171227;0.3600559689,0.5072448057
hajos-314159-744|24|0,1;0,2;0,3;0,4;0,5;1,2;1,5;2,6;3,4;3,10;3,16;4,5;6,7;6,8;6,9;6,10;6,11;6,15;6,16;6,18;7,8;7,18;8,9;9,20;10,19;10,21;11,12;11,13;11,14;11,15;11,17;11,18;12,13;12,17;13,14;14,15;16,17;19,20;19,21;19,22;19,23;20,23;21,22;22,23|0.5397391178,0.1473635074;0.6914490016,0.2503386286;0.5428834537,0.3985714197;0.4371489289,0.0400000000;0.4747855506,0.0723689518;0.6116529941,0.1825371222;0.3668976613,0.6359245848;0.1902179333,0.9477762599;0.3883405513,0.9600000000;0.6065157207,0.9554486590;0.7736994299,0.3087759925;0.0400000000,0.4923987768;0.0437943055,0.2109733306;0.0489864234,0.3074071402;0.0563290655,0.4114688976;0.1643925664,0.5388865777;0.2660924273,0.2483796113;0.0400000000,0.1277845877;0.0608802961,0.7871185686;0.9600000000,0.6512410762;0.9438794914,0.9600000000;0.8980156106,0.5491068033;0.9416708199,0.7693056449;0.9423452423,0.8905076505
zhou-g3-314159-745|40|0,1;0,2;0,3;0,4;0,5;0,6;0,39;1,2;1,7;2,3;3,4;4,5;4,8;4,12;4,13;4,15;5,15;6,7;6,14;6,20;6,23;6,24;6,39;7,24;8,9;8,10;8,11;8,12;8,13;8,14;9,10;9,14;10,11;11,12;13,15;16,17;16,18;16,19;17,18;17,19;18,22;18,26;18,36;19,23;20,21;20,22;20,23;20,25;20,30;20,39;21,22;21,25;24,25;26,27;26,28;26,29;26,30;26,31;26,35;26,36;26,38;27,28;27,38;28,29;29,30;31,32;31,33;31,34;31,35;31,37;31,38;32,33;32,37;33,34;34,35;36,37|0.7437753915,0.3808839931;0.3920002356,0.0516152275;0.7939753573,0.1327418822;0.9600000000,0.3768619115;0.9240898444,0.6910061800;0.8746320928,0.6120073579;0.4023374552,0.5453668588;0.0713280486,0.2339751889;0.7195941282,0.9399038006;0.4257239267,0.9600000000;0.5261927174,0.9600000000;0.6665899716,0.9600000000;0.9165763470,0.9600000000;0.8048772192,0.8323703242;0.4777789611,0.8673453207;0.8719469768,0.7460354391;0.3548097502,0.4977892377;0.3202470638,0.4597904073;0.2372552998,0.3874341575;0.3904620564,0.5271558681;0.5299590336,0.2370566928;0.3157743256,0.1304249610;0.2551553523,0.1405452912;0.4392836091,0.4495733196;0.1096744605,0.2663413695;0.2849277183,0.1135967076;0.3741319424,0.2743797055;0.4353400086,0.2057413637;0.4897659019,0.2256835158;0.5071993454,0.2715411811;0.4813148575,0.3389986257;0.2549715463,0.1669931535;0.2441907121,0.3186241937;0.2482190301,0.2820915627;0.2457969355,0.3448013548;0.2669075117,0.1972042819;0.2405651949,0.3726097543;0.2481342826,0.2441941605;0.3655841755,0.1812430772;0.6549211351,0.4161165965
zhou-g3-314159-746|23|0,1;0,3;0,4;0,6;0,7;0,9;0,22;1,3;1,4;2,3;2,9;2,16;3,15;3,16;3,17;3,18;3,19;3,20;3,21;3,22;4,5;4,7;4,8;5,6;5,8;6,9;7,8;10,11;10,12;10,13;10,14;10,15;11,12;11,15;12,13;13,14;14,17;14,18;16,17;18,19;19,20;20,21;21,22|0.6179690869,0.0830074342;0.5704857542,0.2414251846;0.7151799977,0.3826033413;0.3240715940,0.3471087143;0.8174326287,0.2036989162;0.9435986403,0.0567714334;0.8536322453,0.0560896643;0.7617515673,0.0776323395;0.9030787313,0.0970429374;0.9600000000,0.0400000000;0.1438158603,0.8771334581;0.0462664617,0.7675102257;0.0440515900,0.8781813909;0.0463479556,0.9380907149;0.0400000000,0.9600000000;0.1819897243,0.6437676557;0.5502637360,0.5898288322;0.3480631795,0.7377034014;0.0400000000,0.5656927571;0.0400000000,0.3264733928;0.0400000000,0.1468044741;0.1403907539,0.0400000000;0.3346624338,0.0400000000
hajos-314159-748|35|0,1;0,2;0,3;0,4;0,13;1,2;1,5;2,3;3,4;4,8;4,9;5,6;5,18;5,19;6,7;6,8;6,9;6,10;6,11;6,12;7,8;7,12;9,10;10,11;11,12;13,14;13,15;13,16;13,18;13,19;13,20;13,21;13,22;14,15;14,21;15,16;16,17;17,18;17,24;17,25;19,20;20,21;22,23;22,24;22,25;22,26;22,27;22,31;22,32;22,34;23,26;23,32;24,34;25,26;27,28;27,29;27,30;27,31;27,33;27,34;28,29;28,33;29,30;30,31;32,33|0.1123406354,0.4151747476;0.1527564183,0.2087611268;0.1296421423,0.3322255421;0.1455686686,0.2761019758;0.2612883043,0.2360398736;0.2365196161,0.0400000000;0.3375644495,0.0913556703;0.4609258379,0.1550830838;0.5096190038,0.1768992105;0.2292037985,0.0609961048;0.2721715485,0.0748027491;0.2407652820,0.1014624807;0.3930809908,0.1270171450;0.2372844131,0.6593285340;0.0400000000,0.9600000000;0.1684345726,0.9600000000;0.3732076594,0.9316388218;0.7215526181,0.6787970320;0.6457136305,0.2397473378;0.0400000000,0.4265636874;0.0400000000,0.6828332501;0.0400000000,0.8473464843;0.5068657322,0.6548097571;0.5123225784,0.8227183644;0.6699690381,0.4017886708;0.4405092117,0.8790785756;0.4625193512,0.8564742353;0.6890007622,0.5263630252;0.6680246772,0.6823818694;0.6731069073,0.6170472204;0.6758716121,0.5613478073;0.5973249114,0.6121095701;0.5768245000,0.7774816895;0.6671472596,0.7148418113;0.6714449950,0.4471894081
hajos-314159-756|27|0,2;0,3;0,4;1,2;1,3;1,7;2,3;2,4;2,6;2,7;2,8;4,5;5,6;5,9;5,10;5,11;5,12;6,7;8,9;8,12;9,10;9,13;9,16;9,17;9,26;10,26;11,12;11,15;13,14;13,15;13,16;13,17;13,18;13,22;13,23;13,25;14,17;14,23;15,25;16,26;18,19;18,20;18,21;18,22;18,24;18,25;19,20;19,24;20,21;21,22;23,24|0.1805454551,0.1931171461;0.1402739044,0.1503312678;0.0632974557,0.1714001424;0.0958851953,0.1710998602;0.2956988711,0.2230686198;0.5283735932,0.0818381272;0.3177998698,0.0793296263;0.2263231676,0.1167816094;0.0400000000,0.1755282387;0.5007689280,0.3549198872;0.6805447672,0.1156403583;0.7707418901,0.0400000000;0.4187616789,0.0400000000;0.7127363977,0.6596727133;0.4891066907,0.9018389423;0.9405467793,0.3540762616;0.7149380237,0.4294714148;0.4529112934,0.6832103313;0.9600000000,0.7824167526;0.9226478461,0.9583575200;0.9189828727,0.9226697256;0.9270018686,0.8565445714;0.7843438425,0.9066030226;0.6642058766,0.9600000000;0.9600000000,0.9600000000;0.9600000000,0.5704578129;0.7589929587,0.2444528240
hajos-314159-760|32|0,1;0,2;0,3;0,4;0,22;1,2;1,5;2,3;3,4;4,8;4,9;4,13;4,15;4,21;4,22;5,6;5,13;6,7;6,8;6,9;6,10;6,11;6,12;7,8;7,12;9,10;10,11;11,12;13,14;13,16;13,18;13,19;13,21;14,15;14,29;15,22;16,17;16,19;16,20;16,23;16,25;17,18;17,20;18,21;19,20;23,24;23,25;23,26;23,27;23,29;23,30;24,26;24,27;25,26;27,28;27,30;27,31;28,29;28,31;30,31|0.8767963149,0.1548994062;0.9172193092,0.2351378181;0.8737356284,0.2555765414;0.8173218793,0.1383540923;0.6385832873,0.0620718655;0.6645031071,0.3770349693;0.6185309828,0.2317358068;0.4873856880,0.2221775106;0.4456919210,0.2538968714;0.7451396048,0.1175270567;0.6838250129,0.0965796259;0.6023393017,0.1051265451;0.5443719737,0.1624052740;0.3578396418,0.3303733168;0.7281602189,0.5005530342;0.9600000000,0.1790241262;0.1487966325,0.6300396979;0.0400000000,0.4060491134;0.0788800227,0.1661529912;0.1185064770,0.4190731586;0.0889423508,0.5016697105;0.2818858550,0.0400000000;0.9310167591,0.1704207508;0.3640962334,0.8833788036;0.3610023804,0.9600000000;0.0647534142,0.9009539858;0.1635976268,0.9600000000;0.6380063201,0.9600000000;0.9034055019,0.9600000000;0.7004751330,0.8151076818;0.5761776116,0.9381701932;0.8053478956,0.9566317117
zhou-g3-314159-762|39|0,1;0,2;0,3;0,5;0,32;1,2;1,5;2,3;3,4;3,25;3,26;3,30;3,32;4,5;4,26;6,7;6,8;6,10;6,11;6,20;7,8;7,11;8,9;9,10;9,31;10,11;10,21;10,25;10,31;10,38;12,13;12,14;12,16;12,17;12,18;12,19;12,24;13,14;13,19;14,15;15,16;15,20;15,29;16,17;17,18;18,19;20,21;20,22;20,23;20,24;20,28;20,29;20,36;21,22;21,33;21,34;21,35;21,38;22,23;23,24;25,27;25,28;25,30;25,31;25,32;26,27;27,28;29,30;33,34;33,35;33,36;33,37;34,37;35,38;36,37|0.4252829894,0.7536565058;0.4817036255,0.8276242421;0.5068957186,0.8778119097;0.5153413077,0.9046630859;0.5644409718,0.8528581248;0.3984230731,0.7040489859;0.3339972112,0.2378688660;0.1859463904,0.2251015002;0.1677121966,0.2684148823;0.1930157209,0.3254248968;0.1293447396,0.2110679478;0.1454821407,0.2172173583;0.9600000000,0.7581613332;0.9585024425,0.9460092483;0.9600000000,0.9600000000;0.8842729676,0.6086045780;0.9579781695,0.5857461670;0.9551955270,0.6993242203;0.9514447166,0.8557271836;0.9551894255,0.9137454400;0.7164524557,0.2996239121;0.4899970303,0.0400000000;0.7990501163,0.0400000000;0.9600000000,0.1527303865;0.9600000000,0.3933256961;0.3351104114,0.6170558981;0.6239167626,0.8042722247;0.5113967129,0.6170108185;0.5275047270,0.4599376811;0.7259155477,0.6368556913;0.5457547319,0.9548244830;0.2336849182,0.4118884302;0.4401437471,0.7830851041;0.4544664708,0.0665317856;0.5110575699,0.0670086070;0.3813739920,0.0959743046;0.6073533228,0.1793656633;0.5510204400,0.1138792112;0.2985815159,0.1328616955
zhou-g3-314159-764|39|0,2;0,3;0,4;0,5;0,19;1,2;1,5;1,25;2,3;2,13;2,16;2,20;2,21;2,25;3,4;4,8;4,9;5,6;6,7;6,8;6,9;6,10;6,11;6,12;7,8;7,12;9,10;10,11;11,12;13,14;13,15;13,16;13,17;14,17;14,38;15,16;15,34;17,18;17,26;17,28;17,29;17,38;18,19;18,20;18,21;18,22;18,23;18,24;19,24;20,25;21,22;22,23;23,24;26,27;26,28;26,29;26,30;27,28;27,30;29,33;29,38;30,31;31,32;31,33;31,34;31,35;31,36;31,37;32,33;32,37;34,35;35,36;36,37|0.6716133424,0.2284333250;0.9536253008,0.0448177677;0.5620137378,0.1900736253;0.5996463286,0.1815896932;0.7001689555,0.1441432144;0.8578624816,0.2122202831;0.8947952214,0.1409522223;0.8406899472,0.0987642571;0.7530030511,0.1335798485;0.9452108731,0.0539170242;0.9340517469,0.0654665804;0.9180624835,0.0865320212;0.8863086544,0.0794347321;0.3808547283,0.5295874548;0.4876600469,0.7503926110;0.0944539708,0.5888277837;0.2253533523,0.3502391963;0.6868201795,0.7574037306;0.7330211077,0.4327420155;0.7912834632,0.3251599239;0.9600000000,0.0400000000;0.4726321321,0.3641833587;0.5237654471,0.3681083522;0.6188775539,0.3886068359;0.7479873902,0.3865467241;0.7869969581,0.1057494040;0.8559212059,0.9534624912;0.9600000000,0.9600000000;0.9600000000,0.8851943060;0.6495011102,0.9561445843;0.7553282301,0.9600000000;0.4277704504,0.9600000000;0.1627377160,0.8936769491;0.3626717286,0.9111654033;0.1093428791,0.8893791894;0.4112661518,0.9562903026;0.3111030063,0.9337154733;0.2115687142,0.9097060372;0.5857395571,0.9223772370
zhou-g3-314159-765|33|0,2;0,4;0,5;0,6;0,10;0,11;0,13;0,14;0,32;1,5;1,11;1,17;2,3;2,13;2,27;2,29;2,30;2,32;3,4;3,30;4,5;5,14;5,15;5,16;5,18;5,19;5,20;5,21;5,23;6,7;6,8;6,9;6,10;6,12;6,13;7,8;7,12;8,9;9,10;11,12;14,15;15,21;16,17;16,19;17,22;17,24;18,19;18,20;20,21;22,23;22,24;22,25;22,26;23,26;24,25;25,26;27,28;27,29;27,31;27,32;28,29;28,31;30,31|0.2174263820,0.1991837240;0.5639156697,0.6872369995;0.3134502798,0.3710066953;0.5383319806,0.4903436311;0.5543862807,0.2632863382;0.7363280917,0.2756243845;0.1161179728,0.4953742283;0.1265292839,0.6463231316;0.0596740924,0.6291465868;0.0787963433,0.5742048726;0.1393262613,0.4126621294;0.0512403106,0.6464267772;0.2055198141,0.6559075444;0.1720962660,0.3469796691;0.5392016642,0.0400000000;0.7534997513,0.0400000000;0.9600000000,0.5050858790;0.9600000000,0.8817652488;0.9600000000,0.1422080688;0.9600000000,0.2892383258;0.9600000000,0.0400000000;0.8857789585,0.0400000000;0.9565633293,0.7546191069;0.9137457882,0.5940261465;0.9552038806,0.8274135693;0.9373038777,0.8681313318;0.8600172926,0.8229542691;0.2886036099,0.2167807003;0.3936014803,0.2460308415;0.3249725527,0.2593094008;0.4705503474,0.4366896951;0.4720858360,0.2588787105;0.2338904580,0.2189966694
hajos-314159-769|20|0,3;0,4;0,5;0,6;0,12;1,2;1,5;1,10;2,3;2,7;2,8;3,4;4,5;5,10;5,11;5,12;5,16;5,17;6,7;6,8;7,8;9,11;9,12;9,13;10,11;13,14;13,15;13,16;13,17;13,18;13,19;14,15;14,19;15,16;17,18;18,19|0.3410336245,0.2991604250;0.1275028734,0.9127553810;0.0400000000,0.6879864965;0.0871921503,0.3314685626;0.2609910525,0.4041145605;0.4279243696,0.6756630288;0.0400000000,0.2181228220;0.0434080583,0.4467355394;0.0400000000,0.5703624469;0.9600000000,0.8106881488;0.3292024383,0.9600000000;0.5744060526,0.9600000000;0.6504494514,0.4374798855;0.9059526790,0.7591495775;0.8344383749,0.6956012727;0.7693846201,0.6131514302;0.7081236396,0.5347144830;0.6577346996,0.9117242306;0.7416103112,0.8541052921;0.8268077282,0.7947930869
hajos-314159-779|39|0,1;0,2;0,4;0,5;0,6;1,2;1,5;2,3;3,4;3,10;3,11;4,5;6,7;6,8;6,9;6,10;6,11;6,13;6,14;6,15;6,18;6,19;6,20;6,23;6,27;6,29;6,30;6,31;6,35;6,36;6,38;7,8;7,14;8,20;9,10;9,15;11,12;12,13;12,28;13,14;15,16;15,17;15,19;16,17;16,19;17,18;18,20;21,22;21,23;21,24;21,25;21,26;22,23;22,26;24,25;24,30;24,36;25,26;27,28;27,38;28,29;29,30;31,32;31,33;31,34;31,35;31,37;31,38;32,33;32,37;33,34;34,35;36,37|0.6703381357,0.2732688410;0.6611916872,0.1080672734;0.6873935320,0.1603627447;0.6347431146,0.0400000000;0.5994635277,0.0860894220;0.6391472352,0.0603871145;0.5546030656,0.6815233553;0.5658145372,0.9600000000;0.6626002476,0.9600000000;0.8797837522,0.5600880581;0.7846699095,0.3687158371;0.4062608734,0.3138077214;0.0400000000,0.5865859066;0.2572730375,0.9019510994;0.4387010442,0.9600000000;0.9276378215,0.7353576504;0.9455958181,0.8650419965;0.9600000000,0.9454592326;0.8309116451,0.9600000000;0.8552430410,0.7863719493;0.7458834665,0.9600000000;0.3001119091,0.5010843209;0.3397601093,0.4414946185;0.4520423248,0.5519187836;0.1738956867,0.4934235083;0.2042095093,0.4849191282;0.2659243498,0.4635333771;0.1852736527,0.7932087546;0.0906773310,0.5508150012;0.3353775683,0.3727028196;0.3709801515,0.4260310280;0.2649215941,0.7431602745;0.1392289990,0.6174003470;0.1897419487,0.6626972481;0.3236565904,0.7217339288;0.4263538788,0.7040197085;0.2988584354,0.6193183893;0.1082218325,0.5904608547;0.2199538853,0.7802670511
